return_id,order_item_id,return_date,return_reason,refund_amount
R000001,I00000029,2025-12-22,Changed mind,60.99
R000002,I00000043,2023-09-02,Late delivery,95.57
R000003,I00000047,2025-12-30,Changed mind,64.26
R000004,I00000048,2025-12-27,Changed mind,116.75
R000005,I00000049,2025-09-10,Not as expected,17.99
R000006,I00000050,2025-08-20,Changed mind,21.23
R000007,I00000073,2025-01-03,Changed mind,141.84
R000008,I00000074,2025-01-06,Not as expected,15.48
R000009,I00000123,2025-10-30,Damaged,8.18
R000010,I00000124,2025-10-17,Damaged,31.59
R000011,I00000125,2025-10-13,Wrong item,28.19
R000012,I00000128,2024-04-19,Wrong item,20.15
R000013,I00000177,2024-11-07,Changed mind,138.44
R000014,I00000251,2024-01-24,Changed mind,51.4
R000015,I00000252,2024-01-20,Changed mind,56.77
R000016,I00000263,2025-11-02,Not as expected,32.97
R000017,I00000264,2025-11-15,Changed mind,45.93
R000018,I00000265,2025-04-10,Not as expected,17.09
R000019,I00000285,2025-02-08,Changed mind,75.32
R000020,I00000286,2025-02-09,Not as expected,21.03
R000021,I00000287,2025-02-10,Not as expected,19.3
R000022,I00000302,2025-11-06,Not as expected,40.36
R000023,I00000320,2025-11-08,Changed mind,12.27
R000024,I00000321,2025-11-24,Changed mind,32.39
R000025,I00000324,2025-02-10,Damaged,42.63
R000026,I00000366,2025-09-16,Damaged,11.34
R000027,I00000407,2023-10-28,Changed mind,46.15
R000028,I00000427,2025-09-30,Not as expected,163.76
R000029,I00000440,2025-04-30,Late delivery,22.61
R000030,I00000442,2025-08-17,Changed mind,113.66
R000031,I00000532,2025-12-31,Changed mind,85.12
R000032,I00000596,2025-04-13,Not as expected,9.45
R000033,I00000617,2025-11-02,Changed mind,36.05
R000034,I00000618,2025-10-20,Damaged,16.76
R000035,I00000641,2024-02-21,Not as expected,14.54
R000036,I00000651,2024-12-30,Changed mind,75.04
R000037,I00000673,2024-09-07,Changed mind,149.56
R000038,I00000699,2024-11-28,Wrong item,28.55
R000039,I00000700,2024-11-18,Changed mind,81.91
R000040,I00000701,2024-11-26,Damaged,14.78
R000041,I00000724,2025-09-09,Late delivery,51.22
R000042,I00000759,2025-12-05,Not as expected,61.67
R000043,I00000763,2025-06-02,Not as expected,14.46
R000044,I00000771,2025-12-31,Not as expected,12.48
R000045,I00000801,2025-12-31,Not as expected,12.08
R000046,I00000805,2025-10-08,Changed mind,142.26
R000047,I00000806,2025-10-16,Wrong item,63.55
R000048,I00000807,2025-08-22,Not as expected,83.35
R000049,I00000873,2025-12-29,Damaged,37.26
R000050,I00000945,2024-08-21,Damaged,52.86
R000051,I00000950,2025-11-30,Changed mind,567.39
R000052,I00000951,2025-12-16,Changed mind,25.12
R000053,I00000973,2025-12-13,Damaged,80.14
R000054,I00001037,2024-03-23,Changed mind,94.32
R000055,I00001039,2024-06-02,Not as expected,38.25
R000056,I00001066,2025-07-21,Changed mind,45.43
R000057,I00001067,2025-08-04,Late delivery,24.34
R000058,I00001068,2025-07-17,Late delivery,204.29
R000059,I00001069,2025-08-15,Changed mind,36.99
R000060,I00001093,2025-12-17,Damaged,30.1
R000061,I00001146,2025-11-01,Not as expected,95.34
R000062,I00001147,2025-11-01,Damaged,33.95
R000063,I00001148,2025-11-03,Changed mind,189.75
R000064,I00001173,2024-12-14,Damaged,22.31
R000065,I00001184,2025-06-15,Changed mind,100.27
R000066,I00001205,2025-09-07,Changed mind,61.95
R000067,I00001267,2025-11-13,Changed mind,17.89
R000068,I00001268,2025-01-31,Late delivery,77.67
R000069,I00001269,2025-01-05,Late delivery,79.14
R000070,I00001278,2025-10-15,Damaged,62.84
R000071,I00001303,2025-05-25,Changed mind,19.09
R000072,I00001304,2025-05-08,Changed mind,74.29
R000073,I00001305,2025-05-27,Late delivery,82.6
R000074,I00001333,2025-12-20,Damaged,80.34
R000075,I00001352,2025-11-09,Changed mind,13.71
R000076,I00001353,2025-12-02,Not as expected,68.21
R000077,I00001407,2025-09-10,Damaged,37.02
R000078,I00001418,2024-10-20,Changed mind,39.06
R000079,I00001419,2024-10-03,Changed mind,26.03
R000080,I00001465,2025-05-21,Changed mind,42.44
R000081,I00001466,2025-05-28,Not as expected,426.88
R000082,I00001467,2025-05-02,Not as expected,89.31
R000083,I00001468,2025-06-03,Damaged,71.61
R000084,I00001469,2025-05-27,Changed mind,54.64
R000085,I00001549,2025-10-01,Late delivery,26.32
R000086,I00001570,2025-03-31,Changed mind,47.75
R000087,I00001596,2024-07-14,Damaged,82.04
R000088,I00001609,2024-06-03,Wrong item,53.56
R000089,I00001622,2024-12-29,Changed mind,15.88
R000090,I00001652,2025-02-25,Changed mind,28.78
R000091,I00001653,2025-02-14,Changed mind,124.32
R000092,I00001697,2025-08-31,Not as expected,15.13
R000093,I00001795,2025-12-31,Not as expected,107.96
R000094,I00001803,2024-12-31,Late delivery,36.62
R000095,I00001820,2025-10-03,Not as expected,99.29
R000096,I00001825,2025-11-24,Damaged,39.08
R000097,I00001837,2025-08-21,Late delivery,39.65
R000098,I00001851,2024-11-21,Changed mind,13.51
R000099,I00001852,2024-11-30,Late delivery,37.02
R000100,I00001873,2025-02-27,Changed mind,18.97
R000101,I00001874,2025-02-22,Changed mind,37.21
R000102,I00001885,2025-05-10,Not as expected,91.1
R000103,I00001886,2025-05-18,Not as expected,21.79
R000104,I00001922,2025-12-11,Late delivery,75.7
R000105,I00001965,2025-05-12,Late delivery,70.86
R000106,I00001966,2025-06-01,Changed mind,26.79
R000107,I00001979,2025-03-04,Not as expected,94.51
R000108,I00001995,2025-12-31,Changed mind,37.82
R000109,I00002019,2024-12-02,Wrong item,23.82
R000110,I00002020,2024-11-28,Damaged,12.72
R000111,I00002021,2024-12-18,Late delivery,65.74
R000112,I00002032,2024-10-03,Changed mind,36.47
R000113,I00002033,2024-09-10,Not as expected,27.28
R000114,I00002034,2024-09-11,Damaged,81.58
R000115,I00002050,2025-12-20,Wrong item,38.2
R000116,I00002083,2025-12-01,Wrong item,21.95
R000117,I00002112,2024-01-16,Not as expected,41.08
R000118,I00002139,2024-12-09,Changed mind,223.57
R000119,I00002140,2024-11-23,Changed mind,49.03
R000120,I00002158,2025-11-09,Changed mind,23.65
R000121,I00002183,2024-08-22,Damaged,17.23
R000122,I00002245,2024-04-07,Changed mind,85.15
R000123,I00002253,2025-02-25,Damaged,103.08
R000124,I00002288,2025-11-30,Not as expected,86.83
R000125,I00002319,2025-12-26,Not as expected,14.23
R000126,I00002320,2025-12-07,Changed mind,37.33
R000127,I00002321,2025-12-15,Changed mind,146.47
R000128,I00002322,2025-10-16,Not as expected,94.75
R000129,I00002329,2025-12-07,Changed mind,36.09
R000130,I00002344,2025-06-15,Changed mind,103.33
R000131,I00002345,2025-05-24,Changed mind,10.44
R000132,I00002346,2025-06-10,Damaged,129.05
R000133,I00002347,2025-05-23,Not as expected,34.6
R000134,I00002348,2025-06-12,Not as expected,10.02
R000135,I00002353,2024-10-16,Late delivery,42.74
R000136,I00002364,2025-12-31,Late delivery,29.34
R000137,I00002365,2025-12-31,Late delivery,19.43
R000138,I00002390,2025-08-25,Damaged,68.14
R000139,I00002423,2023-03-29,Not as expected,13.46
R000140,I00002424,2023-04-15,Changed mind,73.99
R000141,I00002425,2024-10-28,Changed mind,33.06
R000142,I00002461,2025-01-23,Changed mind,101.27
R000143,I00002478,2024-12-27,Changed mind,11.16
R000144,I00002490,2025-04-23,Changed mind,66.19
R000145,I00002491,2025-04-18,Damaged,64.29
R000146,I00002492,2025-05-10,Damaged,17.57
R000147,I00002557,2025-01-20,Not as expected,110.5
R000148,I00002558,2025-01-25,Changed mind,12.07
R000149,I00002559,2025-01-26,Not as expected,17.91
R000150,I00002567,2024-12-02,Wrong item,9.64
R000151,I00002568,2024-12-05,Changed mind,20.89
R000152,I00002569,2024-12-18,Not as expected,11.74
R000153,I00002589,2025-01-24,Changed mind,51.03
R000154,I00002590,2025-01-28,Not as expected,18.4
R000155,I00002591,2025-01-26,Changed mind,31.06
R000156,I00002608,2025-05-30,Changed mind,45.14
R000157,I00002635,2023-06-15,Damaged,119.81
R000158,I00002636,2023-06-09,Late delivery,11.62
R000159,I00002637,2023-06-25,Changed mind,37.84
R000160,I00002646,2025-09-19,Not as expected,266.53
R000161,I00002652,2025-12-31,Damaged,19.73
R000162,I00002658,2025-11-12,Changed mind,32.8
R000163,I00002670,2025-02-08,Changed mind,155.87
R000164,I00002688,2023-04-27,Late delivery,232.8
R000165,I00002694,2025-12-31,Changed mind,16.52
R000166,I00002736,2025-09-23,Not as expected,22.25
R000167,I00002737,2025-09-04,Not as expected,12.2
R000168,I00002738,2025-09-29,Damaged,32.61
R000169,I00002767,2025-08-11,Changed mind,12.82
R000170,I00002776,2023-07-15,Changed mind,65.44
R000171,I00002786,2025-12-16,Damaged,24.12
R000172,I00002842,2025-06-25,Not as expected,18.58
R000173,I00002843,2025-06-25,Damaged,37.02
R000174,I00002854,2023-08-31,Not as expected,25.89
R000175,I00002876,2025-02-07,Wrong item,182.3
R000176,I00002904,2025-10-08,Not as expected,62.81
R000177,I00003012,2024-07-01,Late delivery,19.15
R000178,I00003013,2024-06-21,Late delivery,54.8
R000179,I00003020,2024-09-22,Changed mind,43.98
R000180,I00003040,2025-05-08,Not as expected,12.07
R000181,I00003101,2024-12-13,Changed mind,163.99
R000182,I00003105,2025-12-07,Changed mind,21.64
R000183,I00003122,2024-05-23,Changed mind,109.13
R000184,I00003123,2024-05-13,Damaged,44.26
R000185,I00003156,2025-12-05,Not as expected,46.14
R000186,I00003157,2025-11-11,Changed mind,43.75
R000187,I00003158,2025-11-20,Not as expected,42.88
R000188,I00003159,2025-11-16,Changed mind,33.26
R000189,I00003183,2025-11-26,Not as expected,12.74
R000190,I00003205,2025-07-04,Not as expected,90.16
R000191,I00003206,2025-07-07,Wrong item,20.74
R000192,I00003207,2025-07-04,Changed mind,20.13
R000193,I00003208,2025-11-28,Changed mind,38.67
R000194,I00003226,2025-10-26,Changed mind,86.97
R000195,I00003233,2024-07-23,Wrong item,97.73
R000196,I00003234,2024-07-22,Damaged,31.48
R000197,I00003256,2025-08-28,Not as expected,9.65
R000198,I00003293,2025-08-07,Changed mind,23.47
R000199,I00003310,2025-06-05,Changed mind,96.59
R000200,I00003312,2025-07-15,Wrong item,14.32
R000201,I00003313,2025-06-28,Changed mind,50.83
R000202,I00003340,2025-09-09,Wrong item,93.62
R000203,I00003342,2025-04-16,Changed mind,43.7
R000204,I00003374,2025-11-07,Not as expected,33.95
R000205,I00003375,2025-11-04,Late delivery,77.88
R000206,I00003389,2025-05-05,Changed mind,92.55
R000207,I00003390,2025-04-28,Wrong item,40.48
R000208,I00003472,2023-09-20,Changed mind,27.29
R000209,I00003499,2025-05-05,Damaged,8.13
R000210,I00003529,2025-10-20,Late delivery,37.51
R000211,I00003530,2025-10-02,Not as expected,90.21
R000212,I00003535,2024-12-13,Not as expected,101.93
R000213,I00003555,2023-11-20,Not as expected,31.3
R000214,I00003556,2023-11-07,Changed mind,112.91
R000215,I00003620,2025-05-11,Changed mind,212.42
R000216,I00003700,2025-11-20,Not as expected,38.56
R000217,I00003728,2024-11-16,Wrong item,88.85
R000218,I00003750,2024-09-05,Changed mind,20.15
R000219,I00003781,2025-11-29,Late delivery,64.21
R000220,I00003802,2025-01-10,Damaged,18.19
R000221,I00003805,2025-08-08,Damaged,14.06
R000222,I00003810,2025-10-23,Changed mind,90.33
R000223,I00003811,2024-12-16,Late delivery,78.0
R000224,I00003852,2025-12-02,Changed mind,79.19
R000225,I00003853,2025-11-28,Changed mind,86.18
R000226,I00003873,2025-10-05,Damaged,21.89
R000227,I00003874,2025-09-29,Late delivery,11.53
R000228,I00003878,2024-10-03,Changed mind,40.9
R000229,I00003983,2025-12-31,Changed mind,13.15
R000230,I00003986,2025-11-26,Damaged,11.53
R000231,I00003997,2025-04-08,Not as expected,20.71
R000232,I00004002,2024-02-11,Changed mind,41.89
R000233,I00004009,2025-01-22,Damaged,18.6
R000234,I00004048,2025-12-31,Damaged,206.08
R000235,I00004104,2025-01-29,Wrong item,67.23
R000236,I00004105,2025-01-03,Changed mind,105.29
R000237,I00004106,2025-01-12,Wrong item,13.51
R000238,I00004107,2025-01-08,Changed mind,19.56
R000239,I00004128,2025-10-21,Late delivery,16.15
R000240,I00004129,2025-10-11,Wrong item,32.19
R000241,I00004140,2025-10-14,Changed mind,10.35
R000242,I00004141,2025-10-24,Damaged,30.3
R000243,I00004142,2025-10-14,Not as expected,39.43
R000244,I00004143,2025-10-24,Not as expected,15.83
R000245,I00004195,2024-04-17,Not as expected,22.93
R000246,I00004215,2025-10-05,Wrong item,41.07
R000247,I00004216,2025-10-15,Late delivery,82.63
R000248,I00004217,2025-10-15,Changed mind,72.62
R000249,I00004265,2024-11-09,Changed mind,28.26
R000250,I00004279,2025-12-21,Late delivery,16.43
R000251,I00004282,2024-07-06,Damaged,26.31
R000252,I00004283,2024-07-16,Not as expected,62.14
R000253,I00004284,2024-07-10,Not as expected,78.36
R000254,I00004286,2024-04-20,Changed mind,24.32
R000255,I00004288,2025-06-03,Changed mind,95.68
R000256,I00004289,2025-06-04,Not as expected,117.52
R000257,I00004290,2025-06-20,Damaged,58.95
R000258,I00004292,2025-12-06,Wrong item,104.89
R000259,I00004293,2025-11-28,Damaged,11.1
R000260,I00004312,2024-10-15,Changed mind,24.53
R000261,I00004327,2025-04-29,Not as expected,14.25
R000262,I00004344,2025-12-31,Wrong item,17.13
R000263,I00004345,2025-12-25,Changed mind,38.45
R000264,I00004346,2025-12-29,Changed mind,52.83
R000265,I00004358,2025-11-07,Damaged,189.83
R000266,I00004405,2025-11-24,Wrong item,23.12
R000267,I00004408,2025-07-18,Damaged,19.04
R000268,I00004409,2025-07-21,Changed mind,11.57
R000269,I00004421,2025-07-18,Late delivery,23.23
R000270,I00004460,2025-01-09,Changed mind,18.96
R000271,I00004473,2025-07-26,Changed mind,80.75
R000272,I00004538,2025-12-25,Changed mind,66.62
R000273,I00004595,2024-01-27,Not as expected,136.89
R000274,I00004596,2024-01-31,Damaged,11.59
R000275,I00004626,2024-11-30,Changed mind,92.1
R000276,I00004637,2025-07-02,Not as expected,121.68
R000277,I00004644,2025-12-24,Not as expected,57.91
R000278,I00004659,2024-06-01,Changed mind,79.48
R000279,I00004732,2025-12-31,Changed mind,49.19
R000280,I00004734,2024-10-10,Not as expected,76.51
R000281,I00004783,2025-08-30,Not as expected,45.94
R000282,I00004818,2025-08-18,Damaged,61.01
R000283,I00004822,2025-08-19,Not as expected,33.91
R000284,I00004843,2025-01-29,Not as expected,81.29
R000285,I00004904,2025-12-10,Not as expected,65.24
R000286,I00004905,2025-12-09,Late delivery,14.87
R000287,I00004922,2025-02-13,Not as expected,42.97
R000288,I00004947,2025-03-16,Changed mind,12.9
R000289,I00004948,2025-03-14,Wrong item,30.4
R000290,I00004949,2025-03-02,Changed mind,29.8
R000291,I00004983,2025-11-16,Late delivery,80.31
R000292,I00005020,2025-04-10,Damaged,9.83
R000293,I00005069,2024-05-30,Not as expected,30.62
R000294,I00005070,2024-06-01,Not as expected,17.55
R000295,I00005076,2025-10-19,Not as expected,17.65
R000296,I00005077,2025-11-08,Changed mind,122.68
R000297,I00005078,2025-10-18,Not as expected,30.92
R000298,I00005079,2025-11-15,Late delivery,19.83
R000299,I00005080,2025-10-31,Not as expected,238.63
R000300,I00005096,2025-12-31,Changed mind,56.07
R000301,I00005108,2024-07-30,Wrong item,21.37
R000302,I00005109,2024-08-01,Changed mind,19.05
R000303,I00005110,2024-07-20,Not as expected,17.95
R000304,I00005111,2024-07-17,Not as expected,65.89
R000305,I00005198,2025-12-07,Changed mind,32.51
R000306,I00005199,2025-12-11,Changed mind,38.12
R000307,I00005220,2025-10-16,Not as expected,14.28
R000308,I00005243,2025-12-07,Wrong item,51.05
R000309,I00005257,2025-11-05,Damaged,45.4
R000310,I00005283,2025-07-24,Not as expected,160.67
R000311,I00005284,2025-08-08,Changed mind,20.4
R000312,I00005309,2025-12-10,Changed mind,19.0
R000313,I00005311,2024-09-26,Wrong item,72.18
R000314,I00005330,2025-12-12,Changed mind,24.96
R000315,I00005348,2025-02-15,Changed mind,65.66
R000316,I00005349,2025-02-23,Late delivery,35.33
R000317,I00005350,2025-02-27,Late delivery,80.45
R000318,I00005351,2025-02-16,Late delivery,65.82
R000319,I00005352,2025-02-14,Not as expected,22.59
R000320,I00005372,2025-12-31,Changed mind,119.88
R000321,I00005384,2025-12-10,Not as expected,38.48
R000322,I00005393,2024-06-25,Wrong item,43.68
R000323,I00005396,2024-01-09,Damaged,129.39
R000324,I00005420,2024-12-09,Changed mind,212.13
R000325,I00005428,2025-04-18,Not as expected,24.76
R000326,I00005431,2025-01-13,Not as expected,50.41
R000327,I00005469,2024-04-10,Damaged,245.97
R000328,I00005544,2025-12-31,Wrong item,30.86
R000329,I00005635,2025-10-07,Changed mind,27.16
R000330,I00005636,2025-09-13,Changed mind,93.22
R000331,I00005637,2025-09-13,Wrong item,41.6
R000332,I00005729,2025-09-18,Changed mind,21.57
R000333,I00005755,2024-12-17,Late delivery,13.85
R000334,I00005927,2025-11-06,Not as expected,26.57
R000335,I00005929,2024-09-21,Changed mind,40.85
R000336,I00005931,2025-12-31,Damaged,35.69
R000337,I00005933,2024-11-13,Damaged,14.13
R000338,I00005934,2024-12-15,Changed mind,25.29
R000339,I00006006,2025-12-31,Damaged,22.02
R000340,I00006007,2025-12-16,Late delivery,18.44
R000341,I00006023,2025-12-30,Changed mind,61.75
R000342,I00006024,2025-12-17,Not as expected,42.23
R000343,I00006058,2025-05-30,Late delivery,47.0
R000344,I00006224,2024-06-24,Not as expected,171.48
R000345,I00006230,2025-12-31,Damaged,35.82
R000346,I00006238,2025-12-31,Changed mind,22.83
R000347,I00006239,2025-12-31,Changed mind,43.91
R000348,I00006240,2025-12-31,Wrong item,47.25
R000349,I00006277,2025-05-15,Not as expected,65.87
R000350,I00006306,2025-12-31,Changed mind,103.05
R000351,I00006352,2025-11-17,Late delivery,114.74
R000352,I00006371,2024-06-15,Changed mind,19.22
R000353,I00006372,2024-11-20,Not as expected,25.27
R000354,I00006387,2024-01-11,Changed mind,23.66
R000355,I00006393,2025-07-01,Changed mind,24.56
R000356,I00006501,2025-11-10,Late delivery,92.97
R000357,I00006511,2024-06-16,Not as expected,70.08
R000358,I00006546,2025-01-21,Not as expected,44.8
R000359,I00006548,2025-11-20,Damaged,59.07
R000360,I00006564,2024-12-06,Changed mind,12.47
R000361,I00006597,2025-06-28,Changed mind,51.02
R000362,I00006612,2025-01-23,Changed mind,18.05
R000363,I00006615,2025-12-03,Damaged,28.7
R000364,I00006616,2025-12-23,Not as expected,36.4
R000365,I00006617,2025-12-06,Damaged,102.78
R000366,I00006618,2025-12-21,Changed mind,40.37
R000367,I00006619,2025-12-03,Damaged,40.2
R000368,I00006654,2025-11-27,Wrong item,37.92
R000369,I00006657,2024-12-11,Not as expected,9.59
R000370,I00006663,2024-05-13,Late delivery,87.64
R000371,I00006675,2024-08-19,Late delivery,60.8
R000372,I00006676,2024-08-17,Changed mind,30.08
R000373,I00006677,2024-09-02,Damaged,148.84
R000374,I00006709,2024-01-01,Changed mind,52.09
R000375,I00006739,2025-12-31,Late delivery,36.83
R000376,I00006740,2025-12-19,Late delivery,92.4
R000377,I00006786,2025-12-31,Not as expected,62.92
R000378,I00006810,2025-06-27,Changed mind,79.46
R000379,I00006834,2024-11-25,Not as expected,52.45
R000380,I00006876,2025-10-23,Damaged,79.1
R000381,I00006877,2024-12-07,Changed mind,38.49
R000382,I00006915,2024-01-14,Late delivery,26.05
R000383,I00006916,2024-01-14,Changed mind,68.52
R000384,I00006938,2025-08-12,Late delivery,25.54
R000385,I00006961,2025-04-27,Not as expected,115.28
R000386,I00006967,2023-05-03,Changed mind,22.78
R000387,I00006992,2025-10-06,Damaged,22.66
R000388,I00006993,2025-09-04,Not as expected,28.92
R000389,I00007044,2025-12-30,Not as expected,65.97
R000390,I00007045,2025-12-27,Late delivery,40.1
R000391,I00007046,2025-09-11,Late delivery,165.78
R000392,I00007047,2025-10-08,Not as expected,11.14
R000393,I00007073,2025-12-11,Changed mind,36.02
R000394,I00007154,2024-12-27,Damaged,33.5
R000395,I00007160,2025-12-10,Not as expected,20.88
R000396,I00007161,2025-08-23,Changed mind,64.44
R000397,I00007175,2025-12-10,Not as expected,29.58
R000398,I00007176,2025-11-25,Not as expected,18.27
R000399,I00007177,2025-11-13,Not as expected,141.17
R000400,I00007178,2025-12-09,Damaged,21.03
R000401,I00007184,2025-01-03,Not as expected,123.56
R000402,I00007242,2025-12-10,Wrong item,104.81
R000403,I00007278,2025-12-06,Damaged,73.06
R000404,I00007279,2025-12-04,Not as expected,17.21
R000405,I00007292,2025-12-31,Late delivery,13.0
R000406,I00007311,2024-01-26,Not as expected,23.49
R000407,I00007312,2024-01-31,Not as expected,22.26
R000408,I00007417,2025-08-08,Changed mind,77.68
R000409,I00007422,2025-09-06,Late delivery,44.48
R000410,I00007495,2025-07-16,Not as expected,33.63
R000411,I00007510,2023-07-03,Wrong item,30.51
R000412,I00007511,2023-06-24,Changed mind,41.68
R000413,I00007560,2024-06-06,Changed mind,21.65
R000414,I00007585,2023-12-22,Damaged,38.41
R000415,I00007586,2023-11-27,Damaged,42.04
R000416,I00007587,2023-12-10,Not as expected,72.76
R000417,I00007592,2025-06-02,Damaged,46.42
R000418,I00007604,2024-10-15,Not as expected,37.02
R000419,I00007605,2024-10-15,Not as expected,21.36
R000420,I00007612,2023-09-02,Not as expected,20.77
R000421,I00007626,2023-11-15,Changed mind,49.57
R000422,I00007735,2024-12-17,Not as expected,20.48
R000423,I00007776,2025-12-31,Changed mind,31.49
R000424,I00007800,2025-12-31,Damaged,202.08
R000425,I00007801,2025-12-31,Changed mind,27.96
R000426,I00007853,2025-02-22,Not as expected,54.73
R000427,I00007869,2025-12-31,Changed mind,27.58
R000428,I00007870,2025-12-31,Late delivery,59.27
R000429,I00007905,2025-11-22,Not as expected,39.08
R000430,I00007906,2025-11-15,Damaged,46.07
R000431,I00007907,2025-09-28,Damaged,64.07
R000432,I00007908,2025-10-09,Changed mind,9.34
R000433,I00007940,2025-12-01,Changed mind,24.69
R000434,I00007962,2025-12-16,Not as expected,148.66
R000435,I00008043,2025-10-26,Not as expected,82.32
R000436,I00008044,2025-10-20,Changed mind,62.31
R000437,I00008060,2024-09-30,Damaged,30.33
R000438,I00008096,2024-03-21,Not as expected,78.91
R000439,I00008097,2024-04-04,Wrong item,59.42
R000440,I00008098,2024-03-28,Late delivery,20.05
R000441,I00008106,2024-12-29,Changed mind,73.49
R000442,I00008168,2025-06-30,Not as expected,40.3
R000443,I00008169,2025-07-22,Wrong item,96.87
R000444,I00008187,2023-12-23,Damaged,596.27
R000445,I00008211,2025-12-16,Changed mind,60.97
R000446,I00008284,2025-12-31,Not as expected,20.62
R000447,I00008375,2025-12-31,Late delivery,8.58
R000448,I00008376,2025-12-31,Late delivery,44.27
R000449,I00008462,2025-12-01,Wrong item,79.16
R000450,I00008471,2025-10-22,Not as expected,92.97
R000451,I00008546,2025-12-20,Changed mind,23.41
R000452,I00008547,2025-12-12,Changed mind,202.33
R000453,I00008548,2025-12-23,Not as expected,17.98
R000454,I00008595,2025-12-08,Wrong item,12.75
R000455,I00008615,2023-09-28,Changed mind,61.86
R000456,I00008639,2023-04-25,Changed mind,51.35
R000457,I00008656,2025-06-30,Changed mind,49.88
R000458,I00008681,2025-04-14,Wrong item,25.6
R000459,I00008690,2025-12-31,Late delivery,19.53
R000460,I00008691,2025-12-31,Changed mind,85.1
R000461,I00008702,2024-09-25,Late delivery,30.88
R000462,I00008705,2025-12-27,Damaged,101.52
R000463,I00008706,2023-09-07,Damaged,43.89
R000464,I00008707,2023-09-06,Damaged,33.87
R000465,I00008714,2024-08-23,Not as expected,22.82
R000466,I00008715,2024-08-29,Changed mind,183.88
R000467,I00008719,2025-03-10,Changed mind,25.8
R000468,I00008748,2025-10-12,Not as expected,24.43
R000469,I00008760,2025-03-18,Changed mind,48.09
R000470,I00008767,2025-03-23,Changed mind,34.57
R000471,I00008799,2025-12-30,Not as expected,80.05
R000472,I00008815,2024-05-08,Late delivery,36.19
R000473,I00008887,2025-12-31,Damaged,200.92
R000474,I00008888,2025-12-26,Not as expected,68.14
R000475,I00008889,2025-12-31,Not as expected,72.01
R000476,I00008893,2023-07-18,Changed mind,16.97
R000477,I00008896,2024-04-30,Damaged,80.58
R000478,I00008897,2024-04-21,Late delivery,16.26
R000479,I00008903,2025-01-18,Changed mind,52.98
R000480,I00008904,2025-10-16,Not as expected,23.41
R000481,I00008905,2025-10-10,Changed mind,197.92
R000482,I00008906,2025-10-25,Late delivery,74.1
R000483,I00008910,2025-12-31,Not as expected,66.47
R000484,I00008911,2025-12-19,Damaged,82.92
R000485,I00008912,2025-12-18,Damaged,115.42
R000486,I00008913,2025-12-31,Late delivery,48.61
R000487,I00008914,2025-12-20,Changed mind,246.73
R000488,I00008915,2025-12-16,Changed mind,162.63
R000489,I00008920,2025-07-24,Not as expected,48.85
R000490,I00008932,2023-12-21,Not as expected,68.24
R000491,I00008955,2024-04-05,Changed mind,13.94
R000492,I00008965,2025-11-04,Damaged,87.19
R000493,I00008966,2025-11-18,Damaged,13.29
R000494,I00008991,2025-11-27,Not as expected,19.5
R000495,I00008992,2025-12-04,Damaged,38.63
R000496,I00008993,2025-12-24,Changed mind,146.37
R000497,I00009059,2025-11-17,Late delivery,64.29
R000498,I00009065,2024-01-15,Changed mind,25.84
R000499,I00009070,2024-12-02,Changed mind,26.78
R000500,I00009071,2024-11-29,Wrong item,36.57
R000501,I00009116,2024-01-12,Changed mind,74.92
R000502,I00009187,2023-11-16,Wrong item,23.81
R000503,I00009195,2025-09-18,Damaged,53.91
R000504,I00009219,2025-12-31,Wrong item,19.89
R000505,I00009287,2025-07-15,Changed mind,31.06
R000506,I00009320,2025-04-12,Changed mind,46.04
R000507,I00009388,2024-01-16,Not as expected,28.21
R000508,I00009426,2025-12-31,Changed mind,19.39
R000509,I00009442,2024-12-14,Damaged,44.29
R000510,I00009443,2024-12-29,Wrong item,38.56
R000511,I00009473,2023-11-13,Wrong item,65.27
R000512,I00009477,2025-12-30,Late delivery,18.92
R000513,I00009478,2025-12-13,Not as expected,92.4
R000514,I00009479,2025-12-25,Damaged,120.19
R000515,I00009480,2025-12-24,Wrong item,42.5
R000516,I00009481,2025-12-18,Changed mind,37.29
R000517,I00009486,2025-09-04,Changed mind,65.12
R000518,I00009487,2025-09-07,Changed mind,39.18
R000519,I00009503,2025-12-20,Not as expected,97.9
R000520,I00009533,2025-11-21,Not as expected,59.46
R000521,I00009551,2024-12-05,Damaged,57.29
R000522,I00009600,2025-08-19,Not as expected,48.25
R000523,I00009638,2025-04-10,Changed mind,20.48
R000524,I00009639,2025-04-29,Not as expected,63.28
R000525,I00009640,2025-05-03,Late delivery,77.38
R000526,I00009641,2025-04-19,Not as expected,117.42
R000527,I00009710,2025-12-29,Damaged,77.55
R000528,I00009716,2025-03-18,Damaged,82.85
R000529,I00009717,2025-03-25,Damaged,102.69
R000530,I00009724,2025-10-24,Changed mind,198.42
R000531,I00009728,2025-12-21,Late delivery,79.71
R000532,I00009729,2025-12-15,Not as expected,36.23
R000533,I00009750,2025-12-19,Wrong item,24.63
R000534,I00009756,2025-01-26,Not as expected,67.55
R000535,I00009822,2025-12-31,Not as expected,107.28
R000536,I00009862,2025-12-27,Not as expected,63.67
R000537,I00009863,2025-12-31,Changed mind,100.28
R000538,I00009874,2025-10-20,Not as expected,27.78
R000539,I00009875,2025-11-10,Changed mind,28.42
R000540,I00009884,2025-09-17,Not as expected,19.52
R000541,I00009885,2025-09-24,Changed mind,50.45
R000542,I00009941,2025-09-13,Not as expected,21.89
R000543,I00009944,2025-12-08,Changed mind,36.87
R000544,I00010004,2025-12-08,Changed mind,44.88
R000545,I00010026,2025-12-22,Not as expected,61.38
R000546,I00010031,2025-09-05,Changed mind,84.71
R000547,I00010037,2025-06-12,Not as expected,51.94
R000548,I00010042,2025-07-20,Not as expected,26.75
R000549,I00010048,2024-11-17,Changed mind,22.27
R000550,I00010055,2025-12-15,Damaged,52.55
R000551,I00010056,2025-12-25,Not as expected,19.03
R000552,I00010068,2025-06-12,Not as expected,41.53
R000553,I00010069,2025-05-17,Changed mind,17.44
R000554,I00010094,2025-10-21,Wrong item,117.25
R000555,I00010132,2025-09-13,Damaged,40.09
R000556,I00010156,2025-12-11,Changed mind,42.48
R000557,I00010157,2025-12-09,Wrong item,100.05
R000558,I00010158,2025-11-18,Not as expected,77.76
R000559,I00010176,2023-10-26,Changed mind,32.86
R000560,I00010184,2024-05-02,Changed mind,127.36
R000561,I00010202,2024-06-18,Wrong item,123.63
R000562,I00010217,2024-05-25,Late delivery,17.27
R000563,I00010220,2024-06-20,Late delivery,15.8
R000564,I00010246,2025-02-27,Late delivery,35.75
R000565,I00010326,2025-09-04,Changed mind,47.49
R000566,I00010360,2023-12-29,Changed mind,16.79
R000567,I00010391,2025-11-02,Changed mind,52.46
R000568,I00010392,2025-11-16,Changed mind,13.1
R000569,I00010393,2025-11-19,Changed mind,566.92
R000570,I00010454,2024-11-25,Not as expected,153.8
R000571,I00010503,2025-02-13,Wrong item,84.53
R000572,I00010515,2025-12-31,Late delivery,163.45
R000573,I00010524,2024-07-06,Not as expected,35.59
R000574,I00010531,2024-08-01,Damaged,199.89
R000575,I00010532,2024-07-28,Damaged,23.82
R000576,I00010533,2024-08-06,Changed mind,70.23
R000577,I00010534,2024-07-29,Not as expected,52.57
R000578,I00010549,2024-10-27,Not as expected,12.09
R000579,I00010571,2024-10-31,Changed mind,69.62
R000580,I00010581,2025-09-30,Damaged,180.41
R000581,I00010590,2024-10-22,Late delivery,20.08
R000582,I00010614,2025-01-01,Not as expected,21.88
R000583,I00010621,2025-07-12,Wrong item,17.22
R000584,I00010702,2025-11-06,Late delivery,23.6
R000585,I00010726,2025-04-03,Wrong item,48.61
R000586,I00010759,2025-04-15,Changed mind,147.35
R000587,I00010777,2025-12-31,Changed mind,68.51
R000588,I00010790,2025-09-28,Not as expected,23.74
R000589,I00010791,2025-10-01,Changed mind,230.77
R000590,I00010800,2025-07-05,Changed mind,14.19
R000591,I00010801,2025-06-16,Changed mind,129.24
R000592,I00010802,2024-12-10,Changed mind,25.91
R000593,I00010818,2024-12-02,Damaged,97.69
R000594,I00010864,2025-03-05,Changed mind,132.14
R000595,I00010865,2023-07-12,Changed mind,143.57
R000596,I00010866,2023-07-18,Changed mind,23.5
R000597,I00010867,2025-12-28,Changed mind,42.31
R000598,I00010868,2025-12-31,Not as expected,127.65
R000599,I00010869,2025-12-17,Not as expected,34.01
R000600,I00010870,2025-12-16,Not as expected,21.62
R000601,I00010908,2025-08-17,Changed mind,88.67
R000602,I00010919,2025-12-31,Changed mind,84.37
R000603,I00010926,2025-09-06,Changed mind,23.19
R000604,I00010937,2024-12-29,Damaged,86.42
R000605,I00010948,2024-07-02,Not as expected,72.19
R000606,I00010955,2023-12-31,Damaged,28.13
R000607,I00010956,2023-12-16,Wrong item,50.19
R000608,I00010975,2025-12-31,Wrong item,12.95
R000609,I00011020,2025-04-23,Changed mind,20.85
R000610,I00011021,2025-04-27,Changed mind,41.93
R000611,I00011051,2024-06-08,Changed mind,35.87
R000612,I00011052,2025-02-15,Wrong item,21.12
R000613,I00011089,2025-12-07,Changed mind,44.47
R000614,I00011109,2025-11-30,Not as expected,19.5
R000615,I00011112,2024-11-30,Damaged,11.3
R000616,I00011113,2024-11-16,Late delivery,125.8
R000617,I00011134,2025-12-26,Damaged,62.06
R000618,I00011149,2025-01-05,Changed mind,79.28
R000619,I00011159,2025-12-24,Not as expected,34.8
R000620,I00011160,2025-11-29,Changed mind,126.99
R000621,I00011161,2025-11-15,Damaged,55.32
R000622,I00011176,2025-11-05,Changed mind,26.4
R000623,I00011181,2025-06-06,Changed mind,84.2
R000624,I00011182,2025-06-16,Wrong item,59.32
R000625,I00011213,2025-05-31,Damaged,19.55
R000626,I00011229,2024-04-25,Changed mind,69.63
R000627,I00011230,2024-04-10,Late delivery,19.77
R000628,I00011266,2024-12-26,Changed mind,217.02
R000629,I00011278,2024-11-21,Wrong item,22.59
R000630,I00011313,2025-11-15,Damaged,59.56
R000631,I00011339,2025-11-04,Wrong item,46.07
R000632,I00011342,2024-06-11,Not as expected,35.1
R000633,I00011370,2025-11-21,Changed mind,38.77
R000634,I00011373,2025-10-18,Changed mind,106.15
R000635,I00011376,2023-12-01,Not as expected,22.55
R000636,I00011385,2025-06-06,Damaged,20.93
R000637,I00011393,2024-12-17,Wrong item,25.88
R000638,I00011394,2024-12-12,Not as expected,33.87
R000639,I00011417,2025-08-06,Not as expected,25.59
R000640,I00011418,2025-08-02,Changed mind,39.36
R000641,I00011443,2025-10-09,Late delivery,114.53
R000642,I00011467,2025-12-31,Changed mind,36.68
R000643,I00011468,2025-12-31,Changed mind,17.21
R000644,I00011469,2025-12-31,Late delivery,138.02
R000645,I00011470,2025-12-31,Damaged,79.48
R000646,I00011471,2025-12-26,Changed mind,11.29
R000647,I00011490,2024-12-02,Late delivery,75.28
R000648,I00011491,2024-11-25,Not as expected,36.1
R000649,I00011498,2025-10-19,Not as expected,20.84
R000650,I00011506,2024-12-09,Changed mind,22.58
R000651,I00011512,2025-12-31,Wrong item,80.65
R000652,I00011568,2024-06-05,Changed mind,98.0
R000653,I00011573,2023-11-27,Changed mind,60.12
R000654,I00011618,2025-07-23,Changed mind,58.79
R000655,I00011623,2024-01-03,Damaged,49.13
R000656,I00011714,2025-10-15,Changed mind,27.4
R000657,I00011715,2025-10-25,Changed mind,16.19
R000658,I00011732,2025-04-24,Damaged,36.88
R000659,I00011791,2025-10-22,Changed mind,31.18
R000660,I00011795,2024-04-02,Changed mind,40.88
R000661,I00011803,2025-11-22,Changed mind,12.66
R000662,I00011811,2024-10-18,Wrong item,21.7
R000663,I00011856,2025-10-07,Not as expected,25.37
R000664,I00011865,2025-12-31,Damaged,15.24
R000665,I00011908,2025-12-06,Changed mind,19.47
R000666,I00011909,2025-11-19,Damaged,24.25
R000667,I00011967,2025-11-29,Damaged,51.87
R000668,I00011968,2025-12-13,Wrong item,51.01
R000669,I00012004,2025-10-22,Damaged,126.47
R000670,I00012030,2025-11-24,Late delivery,35.92
R000671,I00012079,2025-11-20,Damaged,20.92
R000672,I00012090,2025-09-12,Late delivery,20.13
R000673,I00012091,2025-10-10,Changed mind,67.71
R000674,I00012092,2025-09-22,Changed mind,50.81
R000675,I00012093,2025-10-01,Not as expected,53.16
R000676,I00012094,2025-10-06,Late delivery,23.58
R000677,I00012115,2025-01-04,Not as expected,9.8
R000678,I00012116,2024-12-15,Not as expected,24.35
R000679,I00012117,2025-01-04,Not as expected,25.35
R000680,I00012118,2024-12-23,Changed mind,13.61
R000681,I00012119,2024-11-21,Damaged,33.34
R000682,I00012120,2024-12-03,Not as expected,27.79
R000683,I00012142,2025-11-26,Changed mind,122.89
R000684,I00012143,2025-12-11,Not as expected,17.21
R000685,I00012150,2024-05-08,Changed mind,66.32
R000686,I00012151,2024-04-15,Not as expected,8.94
R000687,I00012185,2025-11-04,Changed mind,43.36
R000688,I00012186,2025-11-30,Changed mind,26.48
R000689,I00012193,2023-12-02,Damaged,58.08
R000690,I00012206,2025-12-31,Changed mind,33.28
R000691,I00012215,2024-10-06,Damaged,40.38
R000692,I00012243,2024-11-26,Damaged,26.81
R000693,I00012255,2025-05-05,Changed mind,12.7
R000694,I00012256,2025-04-29,Changed mind,19.94
R000695,I00012257,2025-05-19,Late delivery,56.2
R000696,I00012258,2025-04-24,Changed mind,14.35
R000697,I00012259,2025-04-29,Changed mind,20.32
R000698,I00012285,2025-06-23,Not as expected,48.71
R000699,I00012304,2025-05-19,Not as expected,213.18
R000700,I00012305,2025-05-08,Changed mind,24.69
R000701,I00012315,2024-11-29,Changed mind,49.79
R000702,I00012316,2024-11-28,Late delivery,27.88
R000703,I00012317,2024-11-26,Late delivery,23.4
R000704,I00012331,2024-11-23,Late delivery,262.76
R000705,I00012333,2025-03-17,Changed mind,110.98
R000706,I00012342,2025-03-08,Not as expected,37.01
R000707,I00012353,2024-10-24,Not as expected,158.88
R000708,I00012372,2024-04-21,Wrong item,58.27
R000709,I00012379,2025-05-24,Late delivery,81.33
R000710,I00012393,2025-12-25,Changed mind,33.08
R000711,I00012401,2025-06-29,Not as expected,22.84
R000712,I00012429,2025-10-13,Changed mind,102.37
R000713,I00012430,2025-10-18,Not as expected,195.22
R000714,I00012431,2025-10-02,Damaged,96.04
R000715,I00012434,2025-06-29,Changed mind,13.89
R000716,I00012471,2025-10-24,Late delivery,71.06
R000717,I00012472,2025-10-26,Not as expected,43.91
R000718,I00012496,2025-12-26,Damaged,43.54
R000719,I00012520,2024-10-04,Changed mind,36.79
R000720,I00012558,2025-08-12,Not as expected,21.36
R000721,I00012572,2024-12-17,Changed mind,26.88
R000722,I00012573,2024-12-24,Not as expected,79.59
R000723,I00012574,2024-12-29,Changed mind,102.39
R000724,I00012577,2025-11-29,Changed mind,132.68
R000725,I00012578,2025-11-17,Changed mind,61.58
R000726,I00012579,2025-12-04,Changed mind,46.44
R000727,I00012654,2025-12-31,Changed mind,43.21
R000728,I00012660,2023-08-13,Late delivery,20.02
R000729,I00012664,2025-12-31,Not as expected,32.69
R000730,I00012665,2025-12-31,Changed mind,9.97
R000731,I00012670,2025-06-07,Late delivery,35.72
R000732,I00012671,2025-05-30,Wrong item,58.62
R000733,I00012673,2025-12-20,Not as expected,434.98
R000734,I00012674,2025-12-16,Damaged,75.79
R000735,I00012675,2025-11-22,Not as expected,15.46
R000736,I00012676,2025-12-16,Changed mind,14.14
R000737,I00012677,2025-12-07,Late delivery,19.05
R000738,I00012688,2025-12-24,Not as expected,26.11
R000739,I00012693,2025-08-10,Changed mind,23.92
R000740,I00012722,2025-12-03,Not as expected,97.41
R000741,I00012723,2025-11-23,Late delivery,11.1
R000742,I00012740,2024-09-10,Not as expected,30.3
R000743,I00012760,2025-11-19,Damaged,162.92
R000744,I00012764,2025-10-09,Changed mind,135.48
R000745,I00012765,2025-10-16,Changed mind,154.84
R000746,I00012778,2024-07-15,Changed mind,15.07
R000747,I00012815,2025-11-26,Changed mind,164.27
R000748,I00012826,2024-03-11,Not as expected,108.99
R000749,I00012849,2025-12-31,Wrong item,12.88
R000750,I00012850,2025-12-26,Damaged,18.85
R000751,I00012863,2023-12-14,Not as expected,24.76
R000752,I00012904,2023-03-15,Late delivery,16.87
R000753,I00012942,2025-11-25,Wrong item,23.29
R000754,I00012962,2025-10-19,Changed mind,51.42
R000755,I00012963,2025-11-03,Not as expected,342.52
R000756,I00012971,2025-09-04,Not as expected,35.25
R000757,I00012977,2024-08-02,Not as expected,16.83
R000758,I00012980,2025-12-23,Not as expected,106.31
R000759,I00013013,2025-11-22,Not as expected,72.81
R000760,I00013014,2025-11-27,Changed mind,39.42
R000761,I00013053,2024-12-27,Changed mind,79.55
R000762,I00013056,2023-06-21,Changed mind,95.51
R000763,I00013057,2023-06-13,Changed mind,14.48
R000764,I00013058,2023-06-28,Not as expected,37.48
R000765,I00013074,2025-03-07,Late delivery,18.25
R000766,I00013082,2025-11-10,Changed mind,16.83
R000767,I00013095,2024-12-21,Damaged,21.83
R000768,I00013103,2024-12-04,Changed mind,141.82
R000769,I00013104,2025-12-31,Damaged,424.36
R000770,I00013130,2025-10-08,Changed mind,13.26
R000771,I00013149,2025-01-10,Changed mind,18.7
R000772,I00013150,2025-01-03,Late delivery,92.86
R000773,I00013157,2025-12-31,Late delivery,88.92
R000774,I00013158,2025-12-31,Changed mind,30.38
R000775,I00013159,2025-12-31,Damaged,28.21
R000776,I00013213,2025-12-14,Changed mind,107.12
R000777,I00013231,2025-06-19,Late delivery,40.81
R000778,I00013295,2025-06-10,Changed mind,23.72
R000779,I00013296,2025-06-13,Changed mind,55.51
R000780,I00013300,2025-09-24,Not as expected,21.26
R000781,I00013315,2025-03-15,Not as expected,18.71
R000782,I00013316,2025-04-10,Wrong item,122.51
R000783,I00013354,2025-11-05,Damaged,420.51
R000784,I00013384,2025-09-04,Changed mind,22.63
R000785,I00013388,2025-03-28,Not as expected,10.23
R000786,I00013389,2025-04-11,Changed mind,177.76
R000787,I00013390,2023-06-14,Damaged,30.41
R000788,I00013401,2025-08-11,Changed mind,70.37
R000789,I00013402,2025-08-21,Changed mind,16.07
R000790,I00013403,2025-08-17,Changed mind,83.0
R000791,I00013427,2024-05-05,Changed mind,93.14
R000792,I00013428,2024-05-13,Damaged,54.19
R000793,I00013429,2024-05-18,Changed mind,174.0
R000794,I00013476,2025-01-11,Not as expected,20.23
R000795,I00013507,2025-12-20,Changed mind,41.6
R000796,I00013508,2025-12-27,Changed mind,41.96
R000797,I00013509,2025-03-08,Late delivery,20.7
R000798,I00013510,2025-03-06,Not as expected,12.23
R000799,I00013511,2025-03-13,Changed mind,30.02
R000800,I00013513,2024-10-10,Changed mind,47.37
R000801,I00013515,2025-06-12,Late delivery,14.54
R000802,I00013536,2025-12-31,Not as expected,55.09
R000803,I00013544,2025-12-31,Late delivery,42.59
R000804,I00013562,2024-01-22,Not as expected,197.14
R000805,I00013591,2024-09-30,Not as expected,22.22
R000806,I00013592,2024-10-11,Late delivery,75.4
R000807,I00013593,2024-09-26,Changed mind,128.05
R000808,I00013622,2025-11-07,Changed mind,19.74
R000809,I00013628,2025-12-31,Damaged,20.83
R000810,I00013629,2025-12-31,Late delivery,153.82
R000811,I00013682,2025-12-17,Changed mind,18.35
R000812,I00013685,2025-12-12,Changed mind,62.03
R000813,I00013686,2025-10-28,Not as expected,34.05
R000814,I00013708,2025-01-19,Not as expected,79.23
R000815,I00013709,2025-01-25,Not as expected,148.39
R000816,I00013712,2025-08-25,Not as expected,26.08
R000817,I00013733,2025-05-07,Late delivery,60.56
R000818,I00013763,2025-09-25,Damaged,85.27
R000819,I00013798,2025-07-16,Damaged,40.07
R000820,I00013823,2024-01-22,Changed mind,54.89
R000821,I00013873,2025-06-13,Changed mind,22.35
R000822,I00013874,2025-06-06,Damaged,19.96
R000823,I00013925,2025-12-31,Not as expected,16.29
R000824,I00013959,2025-08-08,Damaged,82.87
R000825,I00014008,2025-12-31,Changed mind,38.1
R000826,I00014009,2025-12-31,Changed mind,23.53
R000827,I00014010,2025-12-29,Changed mind,54.35
R000828,I00014041,2024-09-06,Changed mind,18.61
R000829,I00014042,2024-08-23,Not as expected,558.17
R000830,I00014043,2024-08-19,Not as expected,183.17
R000831,I00014044,2024-09-02,Not as expected,25.73
R000832,I00014049,2025-09-25,Late delivery,31.53
R000833,I00014056,2025-09-01,Wrong item,129.85
R000834,I00014067,2024-09-23,Damaged,15.24
R000835,I00014068,2024-10-01,Changed mind,14.48
R000836,I00014087,2025-12-31,Changed mind,90.72
R000837,I00014108,2025-11-02,Changed mind,21.76
R000838,I00014157,2025-12-28,Changed mind,64.56
R000839,I00014232,2025-12-31,Changed mind,78.25
R000840,I00014233,2025-12-31,Changed mind,16.76
R000841,I00014287,2025-08-25,Damaged,75.35
R000842,I00014394,2025-11-30,Changed mind,33.5
R000843,I00014395,2025-11-27,Not as expected,20.99
R000844,I00014398,2025-12-31,Damaged,19.51
R000845,I00014459,2025-12-23,Changed mind,13.94
R000846,I00014460,2025-12-18,Not as expected,32.48
R000847,I00014461,2025-12-24,Changed mind,73.95
R000848,I00014462,2025-12-23,Late delivery,38.38
R000849,I00014476,2025-03-14,Wrong item,22.5
R000850,I00014483,2024-08-21,Damaged,42.59
R000851,I00014509,2025-12-31,Changed mind,83.73
R000852,I00014526,2025-12-24,Not as expected,23.05
R000853,I00014580,2025-03-01,Wrong item,57.96
R000854,I00014581,2025-03-15,Changed mind,193.64
R000855,I00014582,2025-03-03,Not as expected,19.98
R000856,I00014583,2025-03-25,Changed mind,31.55
R000857,I00014599,2025-11-29,Not as expected,35.22
R000858,I00014600,2025-12-08,Changed mind,87.08
R000859,I00014601,2025-12-08,Late delivery,19.75
R000860,I00014602,2025-12-20,Changed mind,33.86
R000861,I00014612,2025-10-26,Wrong item,28.08
R000862,I00014613,2025-10-26,Changed mind,42.39
R000863,I00014622,2025-12-31,Late delivery,51.54
R000864,I00014647,2024-10-30,Wrong item,43.9
R000865,I00014648,2025-12-24,Changed mind,229.55
R000866,I00014658,2024-11-15,Damaged,10.41
R000867,I00014659,2024-10-29,Wrong item,79.17
R000868,I00014660,2024-11-04,Changed mind,26.45
R000869,I00014661,2025-09-15,Changed mind,18.54
R000870,I00014662,2025-09-02,Changed mind,47.32
R000871,I00014663,2025-09-23,Not as expected,14.9
R000872,I00014664,2025-08-30,Changed mind,28.15
R000873,I00014741,2025-10-21,Late delivery,24.58
R000874,I00014750,2025-10-29,Wrong item,13.38
R000875,I00014751,2025-10-11,Not as expected,25.15
R000876,I00014752,2025-10-25,Changed mind,19.73
R000877,I00014753,2025-10-21,Not as expected,44.26
R000878,I00014796,2025-12-24,Damaged,19.37
R000879,I00014832,2024-05-26,Late delivery,13.97
R000880,I00014833,2024-05-29,Changed mind,37.78
R000881,I00014862,2025-09-04,Late delivery,14.68
R000882,I00014863,2025-08-25,Not as expected,18.88
R000883,I00014864,2025-09-15,Not as expected,211.68
R000884,I00014884,2025-07-22,Changed mind,28.49
R000885,I00014943,2024-12-03,Changed mind,31.96
R000886,I00014976,2025-04-12,Changed mind,158.29
R000887,I00014977,2023-10-31,Changed mind,25.89
R000888,I00014980,2025-12-05,Damaged,359.13
R000889,I00014988,2025-06-28,Changed mind,58.05
R000890,I00014989,2025-06-27,Not as expected,48.04
R000891,I00015003,2025-03-09,Late delivery,38.63
R000892,I00015010,2024-12-27,Damaged,157.94
R000893,I00015015,2023-12-16,Not as expected,82.82
R000894,I00015050,2025-01-17,Changed mind,20.79
R000895,I00015094,2024-02-21,Changed mind,33.61
R000896,I00015098,2025-11-18,Not as expected,26.57
R000897,I00015104,2025-02-23,Changed mind,62.39
R000898,I00015113,2025-09-28,Changed mind,12.18
R000899,I00015126,2025-04-18,Not as expected,23.09
R000900,I00015135,2025-04-18,Changed mind,55.79
R000901,I00015153,2025-12-06,Not as expected,203.03
R000902,I00015164,2025-08-13,Not as expected,38.86
R000903,I00015192,2025-08-19,Wrong item,149.59
R000904,I00015199,2024-11-08,Changed mind,34.44
R000905,I00015200,2024-11-26,Damaged,10.14
R000906,I00015201,2024-11-03,Changed mind,11.83
R000907,I00015216,2025-11-26,Damaged,41.47
R000908,I00015227,2025-08-07,Not as expected,60.99
R000909,I00015335,2023-06-10,Not as expected,13.47
R000910,I00015336,2025-06-16,Changed mind,58.29
R000911,I00015347,2025-12-25,Wrong item,16.29
R000912,I00015396,2024-04-28,Changed mind,82.96
R000913,I00015397,2024-04-21,Damaged,126.13
R000914,I00015431,2025-12-05,Damaged,35.28
R000915,I00015463,2025-12-01,Not as expected,30.84
R000916,I00015464,2025-12-06,Damaged,13.76
R000917,I00015497,2025-12-31,Changed mind,95.47
R000918,I00015540,2025-12-31,Changed mind,22.51
R000919,I00015541,2025-12-26,Changed mind,78.56
R000920,I00015561,2025-06-08,Changed mind,118.29
R000921,I00015622,2024-12-29,Changed mind,17.4
R000922,I00015644,2023-07-22,Changed mind,77.13
R000923,I00015645,2023-07-25,Wrong item,22.89
R000924,I00015703,2025-07-05,Changed mind,31.15
R000925,I00015704,2025-07-02,Changed mind,17.98
R000926,I00015707,2025-12-30,Not as expected,326.21
R000927,I00015709,2025-09-17,Damaged,89.46
R000928,I00015710,2025-08-29,Changed mind,32.42
R000929,I00015711,2025-09-24,Not as expected,48.12
R000930,I00015712,2025-08-26,Changed mind,20.29
R000931,I00015724,2025-09-12,Changed mind,24.0
R000932,I00015763,2024-11-22,Damaged,68.8
R000933,I00015796,2025-12-05,Not as expected,84.05
R000934,I00015813,2024-11-28,Changed mind,20.19
R000935,I00015824,2025-03-25,Late delivery,9.72
R000936,I00015885,2023-07-02,Changed mind,19.32
R000937,I00015886,2023-07-08,Changed mind,48.39
R000938,I00015887,2023-07-19,Changed mind,76.94
R000939,I00015888,2023-07-17,Not as expected,98.86
R000940,I00015900,2025-07-03,Changed mind,83.83
R000941,I00015901,2025-06-20,Damaged,22.09
R000942,I00015902,2025-06-13,Changed mind,18.0
R000943,I00015924,2024-12-27,Changed mind,9.29
R000944,I00015925,2025-01-13,Not as expected,29.14
R000945,I00015926,2025-01-05,Damaged,105.31
R000946,I00015927,2025-12-20,Damaged,33.38
R000947,I00015952,2025-12-05,Damaged,49.29
R000948,I00015954,2024-11-09,Changed mind,24.02
R000949,I00015964,2025-11-29,Damaged,33.08
R000950,I00015965,2025-12-09,Changed mind,35.31
R000951,I00015966,2025-12-02,Wrong item,192.67
R000952,I00015974,2025-12-02,Wrong item,57.84
R000953,I00015976,2024-01-21,Not as expected,46.25
R000954,I00015977,2024-01-31,Not as expected,13.49
R000955,I00015989,2024-06-04,Late delivery,60.12
R000956,I00016021,2024-10-26,Not as expected,11.57
R000957,I00016084,2024-12-16,Damaged,85.96
R000958,I00016097,2025-12-30,Changed mind,35.34
R000959,I00016159,2025-08-02,Not as expected,76.07
R000960,I00016163,2024-10-02,Late delivery,472.08
R000961,I00016164,2024-10-09,Changed mind,52.79
R000962,I00016165,2024-09-26,Changed mind,44.03
R000963,I00016168,2025-11-29,Not as expected,26.22
R000964,I00016169,2025-12-17,Late delivery,19.72
R000965,I00016170,2025-12-14,Changed mind,70.87
R000966,I00016171,2025-12-09,Not as expected,65.39
R000967,I00016174,2025-12-13,Not as expected,43.82
R000968,I00016192,2025-07-29,Changed mind,26.88
R000969,I00016208,2025-12-31,Changed mind,78.14
R000970,I00016238,2024-08-29,Changed mind,67.06
R000971,I00016296,2024-03-04,Changed mind,17.94
R000972,I00016297,2024-02-24,Not as expected,37.72
R000973,I00016298,2024-02-21,Changed mind,33.31
R000974,I00016299,2024-02-26,Changed mind,81.49
R000975,I00016342,2025-12-27,Not as expected,28.46
R000976,I00016343,2025-12-31,Not as expected,17.54
R000977,I00016344,2025-11-16,Damaged,38.33
R000978,I00016371,2025-02-14,Wrong item,85.47
R000979,I00016372,2025-02-14,Late delivery,7.98
R000980,I00016476,2025-07-06,Not as expected,28.33
R000981,I00016477,2025-06-08,Damaged,101.92
R000982,I00016478,2025-06-20,Damaged,20.74
R000983,I00016582,2025-11-16,Changed mind,34.87
R000984,I00016583,2025-12-07,Changed mind,18.66
R000985,I00016586,2025-01-01,Changed mind,50.35
R000986,I00016594,2025-12-15,Late delivery,29.25
R000987,I00016603,2023-08-19,Damaged,57.93
R000988,I00016604,2023-08-23,Not as expected,13.79
R000989,I00016605,2023-08-13,Not as expected,29.05
R000990,I00016606,2023-08-18,Changed mind,86.69
R000991,I00016607,2023-08-27,Not as expected,76.04
R000992,I00016629,2025-12-11,Not as expected,27.52
R000993,I00016664,2025-12-07,Not as expected,56.56
R000994,I00016668,2023-09-05,Wrong item,27.18
R000995,I00016679,2025-12-31,Damaged,55.79
R000996,I00016681,2025-12-27,Late delivery,30.37
R000997,I00016782,2024-11-12,Damaged,18.49
R000998,I00016802,2025-07-19,Late delivery,96.87
R000999,I00016803,2025-07-03,Changed mind,58.42
R001000,I00016845,2025-10-19,Late delivery,129.26
R001001,I00016855,2025-09-06,Not as expected,66.93
R001002,I00016856,2025-08-20,Changed mind,76.65
R001003,I00016857,2025-08-08,Changed mind,23.27
R001004,I00016858,2025-08-13,Damaged,110.67
R001005,I00016882,2025-01-23,Changed mind,47.11
R001006,I00016883,2025-02-11,Damaged,74.63
R001007,I00016919,2025-04-23,Changed mind,44.22
R001008,I00016920,2025-04-16,Damaged,52.83
R001009,I00016936,2025-12-31,Late delivery,21.62
R001010,I00016940,2025-07-12,Damaged,93.44
R001011,I00016946,2024-09-09,Not as expected,54.89
R001012,I00016950,2025-07-18,Damaged,66.2
R001013,I00016968,2025-11-30,Damaged,115.86
R001014,I00016990,2025-05-01,Not as expected,20.96
R001015,I00017004,2025-10-25,Not as expected,181.3
R001016,I00017010,2023-11-29,Not as expected,30.48
R001017,I00017028,2024-12-06,Not as expected,21.91
R001018,I00017029,2024-12-14,Damaged,41.47
R001019,I00017039,2024-12-05,Wrong item,62.38
R001020,I00017055,2025-10-05,Changed mind,33.3
R001021,I00017126,2024-12-26,Late delivery,46.83
R001022,I00017253,2025-12-26,Not as expected,72.52
R001023,I00017281,2025-12-31,Damaged,209.16
R001024,I00017301,2025-06-25,Not as expected,148.13
R001025,I00017302,2025-06-21,Changed mind,92.35
R001026,I00017321,2025-10-27,Changed mind,83.4
R001027,I00017326,2025-07-06,Late delivery,26.25
R001028,I00017330,2025-10-22,Damaged,162.41
R001029,I00017335,2025-12-09,Not as expected,19.79
R001030,I00017374,2025-08-24,Changed mind,64.04
R001031,I00017416,2025-12-08,Changed mind,19.13
R001032,I00017419,2025-08-12,Changed mind,24.32
R001033,I00017420,2025-08-16,Wrong item,30.61
R001034,I00017422,2025-11-06,Changed mind,17.67
R001035,I00017423,2025-11-06,Changed mind,36.95
R001036,I00017445,2024-03-05,Not as expected,23.95
R001037,I00017455,2025-01-14,Changed mind,33.3
R001038,I00017514,2025-12-15,Damaged,86.63
R001039,I00017525,2025-12-11,Wrong item,9.47
R001040,I00017527,2025-11-17,Not as expected,89.53
R001041,I00017528,2025-11-20,Changed mind,48.42
R001042,I00017529,2025-11-20,Late delivery,20.47
R001043,I00017530,2025-11-21,Damaged,10.09
R001044,I00017531,2025-11-26,Not as expected,314.51
R001045,I00017546,2025-12-31,Changed mind,20.68
R001046,I00017560,2024-10-29,Wrong item,53.28
R001047,I00017573,2025-02-17,Not as expected,130.38
R001048,I00017576,2024-02-09,Damaged,22.02
R001049,I00017577,2024-02-10,Not as expected,35.82
R001050,I00017582,2024-12-12,Not as expected,22.36
R001051,I00017621,2025-07-14,Not as expected,36.11
R001052,I00017642,2025-09-19,Not as expected,56.38
R001053,I00017643,2025-09-23,Damaged,164.86
R001054,I00017644,2025-10-14,Changed mind,69.09
R001055,I00017689,2025-12-31,Not as expected,24.34
R001056,I00017736,2025-07-14,Late delivery,42.5
R001057,I00017774,2023-12-16,Changed mind,26.03
R001058,I00017791,2025-11-15,Changed mind,101.91
R001059,I00017792,2025-12-17,Changed mind,65.27
R001060,I00017828,2025-10-02,Not as expected,212.5
R001061,I00017854,2025-06-24,Changed mind,31.65
R001062,I00017876,2024-03-02,Damaged,26.26
R001063,I00017878,2025-12-23,Late delivery,88.79
R001064,I00017879,2025-12-29,Changed mind,18.69
R001065,I00017880,2025-12-31,Changed mind,131.58
R001066,I00017881,2025-12-31,Wrong item,23.69
R001067,I00017882,2025-12-31,Damaged,15.06
R001068,I00017884,2025-01-25,Not as expected,46.97
R001069,I00017888,2025-12-17,Damaged,10.62
R001070,I00017898,2024-10-15,Not as expected,23.34
R001071,I00017941,2024-06-13,Late delivery,104.96
R001072,I00017946,2024-09-21,Changed mind,26.67
R001073,I00017947,2024-09-04,Not as expected,130.57
R001074,I00017968,2025-04-05,Damaged,9.62
R001075,I00017983,2024-12-27,Changed mind,66.11
R001076,I00018048,2025-11-23,Wrong item,103.26
R001077,I00018049,2025-11-23,Damaged,61.62
R001078,I00018070,2024-11-07,Not as expected,48.89
R001079,I00018077,2025-12-02,Late delivery,191.67
R001080,I00018101,2025-11-06,Not as expected,59.37
R001081,I00018153,2025-12-31,Wrong item,19.13
R001082,I00018170,2025-12-15,Damaged,108.12
R001083,I00018201,2025-12-09,Not as expected,102.08
R001084,I00018210,2025-11-10,Changed mind,15.31
R001085,I00018214,2025-09-22,Wrong item,30.7
R001086,I00018232,2024-10-30,Changed mind,44.85
R001087,I00018233,2024-10-20,Wrong item,22.86
R001088,I00018255,2025-10-06,Not as expected,33.56
R001089,I00018258,2025-11-21,Late delivery,25.85
R001090,I00018259,2025-11-20,Changed mind,58.92
R001091,I00018263,2025-12-13,Changed mind,72.38
R001092,I00018264,2025-12-26,Changed mind,37.67
R001093,I00018265,2025-12-14,Wrong item,148.45
R001094,I00018310,2025-08-07,Changed mind,19.06
R001095,I00018311,2025-08-15,Damaged,12.06
R001096,I00018312,2025-07-28,Changed mind,81.32
R001097,I00018313,2025-08-20,Changed mind,66.79
R001098,I00018314,2025-08-15,Not as expected,35.94
R001099,I00018316,2024-12-17,Changed mind,69.47
R001100,I00018320,2025-12-11,Damaged,23.44
R001101,I00018330,2025-11-11,Changed mind,41.52
R001102,I00018352,2024-02-19,Changed mind,144.95
R001103,I00018380,2024-04-19,Damaged,207.85
R001104,I00018381,2024-05-06,Damaged,15.22
R001105,I00018387,2025-12-04,Late delivery,58.78
R001106,I00018420,2025-11-30,Not as expected,16.22
R001107,I00018421,2025-11-07,Not as expected,45.72
R001108,I00018436,2025-12-24,Changed mind,22.07
R001109,I00018484,2025-05-05,Damaged,20.18
R001110,I00018485,2025-08-28,Not as expected,11.77
R001111,I00018590,2025-04-23,Wrong item,17.94
R001112,I00018591,2025-04-20,Changed mind,95.95
R001113,I00018599,2025-12-13,Not as expected,41.67
R001114,I00018600,2025-12-19,Wrong item,19.6
R001115,I00018601,2025-12-06,Wrong item,82.87
R001116,I00018602,2025-11-28,Not as expected,167.57
R001117,I00018614,2025-12-28,Changed mind,43.13
R001118,I00018624,2025-10-31,Changed mind,100.47
R001119,I00018646,2025-01-10,Changed mind,28.11
R001120,I00018647,2024-12-30,Late delivery,18.62
R001121,I00018648,2024-12-19,Changed mind,106.65
R001122,I00018656,2025-12-31,Damaged,11.45
R001123,I00018689,2025-12-31,Not as expected,228.13
R001124,I00018716,2025-06-30,Wrong item,93.49
R001125,I00018735,2025-11-19,Damaged,26.36
R001126,I00018741,2025-12-30,Wrong item,15.17
R001127,I00018753,2023-11-17,Not as expected,35.1
R001128,I00018759,2025-12-20,Changed mind,42.09
R001129,I00018760,2025-12-23,Not as expected,120.38
R001130,I00018761,2025-12-31,Wrong item,200.64
R001131,I00018762,2025-12-10,Changed mind,69.54
R001132,I00018796,2024-10-04,Changed mind,81.17
R001133,I00018864,2023-12-12,Late delivery,37.98
R001134,I00018865,2023-12-02,Changed mind,29.52
R001135,I00018965,2025-12-07,Not as expected,23.9
R001136,I00019028,2024-12-23,Late delivery,19.7
R001137,I00019074,2025-12-07,Changed mind,29.11
R001138,I00019100,2025-12-05,Not as expected,37.81
R001139,I00019108,2025-12-31,Late delivery,16.0
R001140,I00019112,2025-08-14,Changed mind,50.0
R001141,I00019124,2025-12-31,Changed mind,217.32
R001142,I00019125,2025-12-31,Not as expected,86.38
R001143,I00019193,2025-11-26,Changed mind,87.96
R001144,I00019194,2025-11-12,Damaged,46.1
R001145,I00019195,2025-12-01,Changed mind,85.38
R001146,I00019201,2025-06-19,Changed mind,90.34
R001147,I00019202,2025-06-24,Not as expected,101.56
R001148,I00019264,2025-09-10,Changed mind,247.14
R001149,I00019265,2025-09-07,Damaged,15.82
R001150,I00019266,2025-08-20,Not as expected,55.75
R001151,I00019267,2025-09-17,Damaged,52.16
R001152,I00019278,2024-11-01,Not as expected,11.9
R001153,I00019281,2024-06-26,Not as expected,217.95
R001154,I00019291,2024-03-06,Not as expected,42.92
R001155,I00019321,2024-04-02,Wrong item,67.08
R001156,I00019386,2025-12-31,Wrong item,82.53
R001157,I00019405,2024-07-12,Not as expected,53.83
R001158,I00019452,2025-12-08,Changed mind,16.39
R001159,I00019491,2024-03-20,Late delivery,32.95
R001160,I00019506,2024-09-11,Changed mind,16.75
R001161,I00019507,2024-09-11,Changed mind,27.43
R001162,I00019533,2025-11-17,Not as expected,64.49
R001163,I00019534,2025-11-30,Late delivery,72.58
R001164,I00019535,2025-11-24,Changed mind,21.22
R001165,I00019557,2025-12-31,Changed mind,26.58
R001166,I00019577,2025-12-31,Late delivery,96.27
R001167,I00019639,2025-12-16,Changed mind,175.98
R001168,I00019640,2025-12-11,Damaged,24.91
R001169,I00019641,2025-12-13,Late delivery,12.87
R001170,I00019643,2025-12-31,Late delivery,22.25
R001171,I00019666,2025-12-31,Not as expected,167.27
R001172,I00019717,2025-12-17,Changed mind,33.75
R001173,I00019718,2025-12-20,Late delivery,79.52
R001174,I00019719,2025-12-26,Not as expected,27.21
R001175,I00019797,2024-06-12,Wrong item,36.41
R001176,I00019799,2024-04-16,Wrong item,99.09
R001177,I00019828,2025-12-31,Not as expected,34.39
R001178,I00019831,2025-06-14,Not as expected,152.73
R001179,I00019846,2025-01-29,Wrong item,21.84
R001180,I00019847,2025-01-01,Damaged,10.28
R001181,I00019848,2025-01-19,Not as expected,40.51
R001182,I00019855,2024-12-24,Not as expected,27.37
R001183,I00019856,2024-12-05,Changed mind,16.83
R001184,I00019903,2025-12-13,Changed mind,114.15
R001185,I00019904,2025-12-20,Not as expected,61.56
R001186,I00019905,2025-12-17,Not as expected,17.46
R001187,I00019922,2025-12-31,Changed mind,210.07
R001188,I00019940,2025-08-27,Changed mind,49.1
R001189,I00019941,2025-09-04,Changed mind,19.53
R001190,I00019962,2025-10-13,Damaged,166.85
R001191,I00019986,2024-09-30,Changed mind,18.27
R001192,I00020002,2024-10-01,Damaged,30.94
R001193,I00020032,2025-03-17,Not as expected,34.56
R001194,I00020033,2025-03-06,Not as expected,38.22
R001195,I00020036,2025-12-05,Not as expected,74.47
R001196,I00020040,2024-04-08,Not as expected,49.67
R001197,I00020053,2023-11-28,Changed mind,22.63
R001198,I00020100,2025-02-12,Not as expected,20.27
R001199,I00020101,2025-02-15,Not as expected,42.53
R001200,I00020102,2025-02-25,Changed mind,64.91
R001201,I00020103,2025-02-24,Not as expected,36.53
R001202,I00020123,2025-12-31,Not as expected,63.88
R001203,I00020124,2025-12-31,Changed mind,84.04
R001204,I00020150,2025-12-31,Changed mind,137.63
R001205,I00020151,2025-12-31,Damaged,85.69
R001206,I00020152,2025-12-31,Not as expected,33.75
R001207,I00020153,2025-12-31,Not as expected,108.32
R001208,I00020154,2025-12-31,Damaged,78.71
R001209,I00020166,2025-02-14,Late delivery,41.42
R001210,I00020167,2025-01-23,Not as expected,76.23
R001211,I00020176,2025-03-28,Wrong item,20.19
R001212,I00020177,2025-03-30,Changed mind,40.29
R001213,I00020209,2025-12-29,Changed mind,46.51
R001214,I00020210,2025-12-31,Changed mind,18.07
R001215,I00020211,2025-12-27,Damaged,75.03
R001216,I00020238,2025-12-28,Not as expected,123.49
R001217,I00020251,2025-10-06,Not as expected,69.12
R001218,I00020275,2025-01-07,Changed mind,89.96
R001219,I00020345,2024-12-17,Wrong item,20.98
R001220,I00020346,2024-12-01,Damaged,75.18
R001221,I00020350,2025-11-07,Not as expected,30.78
R001222,I00020351,2025-11-12,Wrong item,34.24
R001223,I00020365,2025-12-19,Not as expected,20.87
R001224,I00020366,2025-11-25,Not as expected,74.41
R001225,I00020367,2025-11-23,Changed mind,34.86
R001226,I00020368,2025-12-03,Late delivery,81.19
R001227,I00020425,2025-05-16,Not as expected,52.39
R001228,I00020432,2025-05-06,Damaged,13.95
R001229,I00020433,2025-04-11,Changed mind,232.12
R001230,I00020434,2025-04-12,Not as expected,16.42
R001231,I00020438,2025-09-01,Late delivery,29.19
R001232,I00020439,2025-08-29,Changed mind,54.02
R001233,I00020446,2024-11-24,Damaged,32.99
R001234,I00020447,2024-12-05,Wrong item,33.05
R001235,I00020448,2025-11-14,Wrong item,83.95
R001236,I00020461,2025-11-17,Changed mind,27.07
R001237,I00020467,2024-07-03,Changed mind,49.01
R001238,I00020469,2024-12-24,Wrong item,21.97
R001239,I00020495,2025-11-22,Late delivery,18.47
R001240,I00020597,2024-08-11,Changed mind,10.52
R001241,I00020608,2025-05-21,Changed mind,33.52
R001242,I00020620,2025-03-06,Changed mind,167.1
R001243,I00020660,2025-03-11,Changed mind,66.47
R001244,I00020687,2025-08-10,Not as expected,80.86
R001245,I00020688,2025-08-06,Changed mind,53.04
R001246,I00020698,2025-05-11,Late delivery,29.77
R001247,I00020699,2025-06-02,Damaged,34.46
R001248,I00020700,2025-05-14,Late delivery,17.71
R001249,I00020701,2025-05-24,Wrong item,18.55
R001250,I00020718,2025-08-23,Late delivery,61.07
R001251,I00020723,2025-12-31,Changed mind,22.05
R001252,I00020724,2025-12-24,Changed mind,22.5
R001253,I00020736,2025-02-17,Not as expected,29.41
R001254,I00020739,2025-11-17,Changed mind,28.44
R001255,I00020740,2025-11-28,Damaged,27.69
R001256,I00020741,2025-12-01,Changed mind,192.68
R001257,I00020751,2025-05-07,Late delivery,67.26
R001258,I00020770,2024-11-27,Late delivery,18.52
R001259,I00020781,2024-12-17,Not as expected,34.35
R001260,I00020812,2025-12-23,Late delivery,16.96
R001261,I00020813,2025-12-15,Late delivery,88.78
R001262,I00020842,2025-05-22,Not as expected,14.03
R001263,I00020859,2025-04-18,Damaged,13.92
R001264,I00020872,2025-03-31,Not as expected,44.14
R001265,I00020887,2025-10-01,Not as expected,55.99
R001266,I00020888,2025-10-09,Changed mind,91.07
R001267,I00020889,2025-10-10,Not as expected,36.92
R001268,I00020907,2023-09-06,Changed mind,68.16
R001269,I00020909,2025-12-12,Damaged,53.54
R001270,I00020925,2025-05-09,Changed mind,46.08
R001271,I00021017,2025-08-20,Late delivery,126.92
R001272,I00021069,2025-11-06,Changed mind,278.09
R001273,I00021104,2025-02-19,Not as expected,12.9
R001274,I00021120,2025-12-18,Not as expected,21.6
R001275,I00021207,2025-07-13,Changed mind,66.3
R001276,I00021208,2025-07-13,Damaged,24.1
R001277,I00021209,2025-07-28,Changed mind,81.72
R001278,I00021300,2025-12-28,Changed mind,73.1
R001279,I00021301,2025-12-11,Not as expected,48.46
R001280,I00021328,2025-09-07,Damaged,53.29
R001281,I00021336,2025-07-16,Damaged,41.35
R001282,I00021358,2025-01-19,Wrong item,10.76
R001283,I00021394,2025-12-06,Wrong item,43.62
R001284,I00021422,2024-05-24,Changed mind,76.27
R001285,I00021466,2025-04-24,Changed mind,26.85
R001286,I00021477,2025-10-11,Wrong item,33.09
R001287,I00021478,2025-10-07,Not as expected,169.75
R001288,I00021542,2025-03-15,Wrong item,72.98
R001289,I00021588,2025-12-31,Not as expected,72.22
R001290,I00021589,2025-12-31,Changed mind,17.37
R001291,I00021590,2025-12-31,Late delivery,36.27
R001292,I00021591,2025-12-31,Changed mind,11.5
R001293,I00021606,2025-10-31,Damaged,178.74
R001294,I00021607,2025-10-24,Damaged,45.81
R001295,I00021614,2025-11-16,Changed mind,40.38
R001296,I00021642,2024-06-02,Not as expected,28.41
R001297,I00021643,2024-05-26,Changed mind,93.76
R001298,I00021665,2025-12-14,Wrong item,32.15
R001299,I00021682,2025-10-07,Changed mind,34.14
R001300,I00021683,2025-10-24,Changed mind,221.35
R001301,I00021684,2025-10-06,Damaged,8.92
R001302,I00021685,2025-10-23,Damaged,19.58
R001303,I00021688,2023-11-15,Changed mind,88.55
R001304,I00021691,2025-12-31,Changed mind,146.75
R001305,I00021692,2025-12-31,Not as expected,41.67
R001306,I00021693,2025-12-31,Changed mind,69.49
R001307,I00021720,2024-09-14,Late delivery,10.98
R001308,I00021792,2025-06-04,Not as expected,22.54
R001309,I00021818,2024-09-26,Changed mind,19.81
R001310,I00021838,2025-08-09,Late delivery,45.2
R001311,I00021839,2025-08-03,Not as expected,41.23
R001312,I00021861,2024-06-21,Changed mind,41.82
R001313,I00021891,2025-12-13,Not as expected,39.12
R001314,I00021892,2024-09-15,Changed mind,51.38
R001315,I00021936,2025-06-19,Damaged,15.28
R001316,I00021963,2025-01-03,Late delivery,37.61
R001317,I00021964,2025-01-08,Changed mind,24.71
R001318,I00021999,2025-12-12,Changed mind,42.33
R001319,I00022011,2025-02-03,Not as expected,108.08
R001320,I00022015,2025-08-29,Late delivery,62.69
R001321,I00022016,2025-08-22,Changed mind,23.36
R001322,I00022022,2025-09-22,Late delivery,11.85
R001323,I00022023,2025-09-28,Changed mind,50.11
R001324,I00022024,2025-09-19,Late delivery,25.28
R001325,I00022025,2025-10-04,Changed mind,67.92
R001326,I00022033,2025-12-31,Not as expected,46.82
R001327,I00022034,2025-12-08,Changed mind,29.6
R001328,I00022042,2025-01-27,Changed mind,74.57
R001329,I00022068,2025-03-11,Not as expected,28.8
R001330,I00022099,2024-09-03,Damaged,49.63
R001331,I00022137,2025-04-03,Late delivery,18.93
R001332,I00022138,2025-04-14,Not as expected,57.81
R001333,I00022139,2025-01-09,Not as expected,109.15
R001334,I00022166,2025-12-13,Wrong item,22.22
R001335,I00022191,2025-09-27,Not as expected,62.01
R001336,I00022225,2025-12-22,Not as expected,98.36
R001337,I00022241,2025-09-12,Late delivery,31.37
R001338,I00022254,2025-05-08,Wrong item,18.87
R001339,I00022255,2025-04-26,Not as expected,17.43
R001340,I00022293,2024-05-15,Not as expected,29.16
R001341,I00022294,2024-05-23,Not as expected,177.3
R001342,I00022378,2025-10-06,Not as expected,350.51
R001343,I00022379,2025-11-01,Changed mind,205.14
R001344,I00022382,2025-12-18,Not as expected,105.7
R001345,I00022387,2025-12-13,Changed mind,14.14
R001346,I00022388,2025-11-12,Changed mind,20.98
R001347,I00022425,2025-10-24,Not as expected,42.24
R001348,I00022428,2025-11-06,Changed mind,63.78
R001349,I00022496,2024-12-03,Wrong item,33.16
R001350,I00022504,2025-12-31,Wrong item,162.86
R001351,I00022505,2025-12-31,Not as expected,18.88
R001352,I00022523,2024-07-12,Late delivery,19.05
R001353,I00022539,2023-10-24,Damaged,127.91
R001354,I00022574,2025-12-31,Not as expected,24.27
R001355,I00022575,2025-08-23,Wrong item,20.21
R001356,I00022576,2025-08-25,Damaged,18.72
R001357,I00022577,2025-08-08,Damaged,51.41
R001358,I00022578,2025-08-06,Late delivery,27.97
R001359,I00022647,2023-11-07,Not as expected,31.94
R001360,I00022680,2024-04-27,Changed mind,57.63
R001361,I00022681,2025-12-18,Changed mind,45.15
R001362,I00022708,2024-06-27,Changed mind,115.54
R001363,I00022716,2025-03-07,Not as expected,17.63
R001364,I00022729,2025-12-07,Changed mind,17.87
R001365,I00022730,2025-11-16,Changed mind,50.37
R001366,I00022731,2025-11-16,Late delivery,40.68
R001367,I00022732,2025-12-12,Not as expected,81.44
R001368,I00022733,2025-12-16,Damaged,34.2
R001369,I00022757,2025-05-19,Damaged,53.08
R001370,I00022803,2025-12-31,Changed mind,35.82
R001371,I00022804,2025-12-31,Changed mind,57.42
R001372,I00022805,2025-12-31,Changed mind,69.1
R001373,I00022806,2025-12-31,Wrong item,12.42
R001374,I00022846,2025-02-23,Not as expected,40.22
R001375,I00022858,2025-12-13,Changed mind,124.17
R001376,I00022871,2024-06-03,Damaged,10.79
R001377,I00022885,2025-12-31,Changed mind,43.78
R001378,I00022897,2025-06-01,Damaged,119.04
R001379,I00022931,2024-12-17,Damaged,16.86
R001380,I00022938,2025-07-31,Late delivery,68.35
R001381,I00022985,2025-11-24,Not as expected,78.63
R001382,I00022986,2025-11-25,Late delivery,12.98
R001383,I00022987,2025-11-14,Not as expected,76.78
R001384,I00023034,2024-07-04,Late delivery,54.05
R001385,I00023035,2024-07-22,Changed mind,57.32
R001386,I00023120,2025-12-02,Damaged,19.28
R001387,I00023129,2024-12-24,Not as expected,41.44
R001388,I00023132,2025-05-28,Changed mind,74.71
R001389,I00023198,2025-12-10,Changed mind,16.67
R001390,I00023226,2025-03-08,Changed mind,18.36
R001391,I00023233,2024-08-30,Not as expected,57.42
R001392,I00023236,2025-09-11,Not as expected,28.2
R001393,I00023331,2025-12-12,Not as expected,174.04
R001394,I00023332,2025-12-10,Changed mind,38.85
R001395,I00023355,2025-12-06,Late delivery,33.82
R001396,I00023359,2024-05-14,Late delivery,33.85
R001397,I00023413,2025-02-17,Damaged,26.18
R001398,I00023430,2025-11-25,Not as expected,58.55
R001399,I00023431,2025-12-15,Damaged,25.3
R001400,I00023440,2025-11-29,Not as expected,26.98
R001401,I00023459,2025-12-31,Damaged,70.25
R001402,I00023460,2025-12-31,Not as expected,51.28
R001403,I00023481,2025-06-14,Wrong item,23.07
R001404,I00023482,2025-05-29,Damaged,49.37
R001405,I00023483,2025-12-31,Damaged,51.05
R001406,I00023484,2025-12-31,Late delivery,70.61
R001407,I00023485,2025-12-31,Late delivery,17.84
R001408,I00023499,2025-01-04,Late delivery,48.98
R001409,I00023555,2025-12-16,Late delivery,13.55
R001410,I00023556,2025-12-31,Changed mind,60.26
R001411,I00023557,2025-12-31,Damaged,71.41
R001412,I00023558,2025-12-31,Not as expected,10.72
R001413,I00023559,2025-12-31,Damaged,17.53
R001414,I00023619,2025-01-02,Not as expected,93.33
R001415,I00023620,2024-12-09,Changed mind,50.23
R001416,I00023636,2024-12-10,Damaged,40.61
R001417,I00023646,2024-07-24,Damaged,40.12
R001418,I00023672,2025-11-29,Not as expected,48.06
R001419,I00023673,2025-12-15,Changed mind,58.4
R001420,I00023688,2025-11-28,Damaged,75.72
R001421,I00023692,2025-11-26,Late delivery,19.05
R001422,I00023726,2025-08-05,Damaged,38.76
R001423,I00023742,2025-11-15,Changed mind,60.77
R001424,I00023794,2023-07-07,Changed mind,18.85
R001425,I00023841,2024-11-20,Not as expected,35.58
R001426,I00023843,2025-03-17,Late delivery,112.42
R001427,I00023850,2025-09-19,Damaged,103.43
R001428,I00023855,2025-12-17,Late delivery,12.89
R001429,I00023875,2024-04-05,Damaged,105.51
R001430,I00023899,2025-05-01,Changed mind,36.41
R001431,I00023900,2025-04-16,Late delivery,49.57
R001432,I00023901,2025-04-23,Late delivery,46.55
R001433,I00023938,2025-09-28,Damaged,80.2
R001434,I00023973,2025-08-08,Changed mind,26.89
R001435,I00023989,2025-12-11,Damaged,113.81
R001436,I00024067,2025-09-23,Changed mind,30.72
R001437,I00024139,2025-03-14,Changed mind,31.56
R001438,I00024141,2025-12-31,Wrong item,18.78
R001439,I00024150,2025-10-12,Changed mind,335.38
R001440,I00024151,2025-10-07,Wrong item,110.83
R001441,I00024152,2025-10-24,Damaged,39.61
R001442,I00024154,2025-04-01,Changed mind,84.1
R001443,I00024166,2025-12-11,Damaged,82.9
R001444,I00024214,2025-01-21,Late delivery,33.9
R001445,I00024228,2025-12-19,Changed mind,80.3
R001446,I00024258,2024-08-08,Damaged,18.11
R001447,I00024268,2024-10-29,Not as expected,14.17
R001448,I00024292,2025-08-25,Not as expected,213.12
R001449,I00024342,2025-12-16,Changed mind,35.69
R001450,I00024352,2025-09-26,Late delivery,29.11
R001451,I00024369,2025-08-11,Not as expected,19.35
R001452,I00024370,2025-08-05,Changed mind,178.95
R001453,I00024383,2025-12-31,Late delivery,54.23
R001454,I00024394,2025-08-08,Not as expected,25.11
R001455,I00024438,2025-12-25,Late delivery,46.89
R001456,I00024489,2025-12-21,Damaged,39.97
R001457,I00024490,2025-12-13,Changed mind,89.58
R001458,I00024577,2024-12-15,Changed mind,39.88
R001459,I00024600,2025-09-14,Late delivery,32.0
R001460,I00024611,2025-12-01,Not as expected,62.75
R001461,I00024651,2025-11-24,Late delivery,42.64
R001462,I00024709,2025-12-31,Damaged,42.39
R001463,I00024714,2024-06-04,Not as expected,11.67
R001464,I00024725,2025-06-08,Wrong item,40.23
R001465,I00024747,2024-11-18,Not as expected,62.76
R001466,I00024750,2025-11-27,Not as expected,39.63
R001467,I00024752,2024-07-10,Changed mind,62.72
R001468,I00024762,2025-11-14,Not as expected,36.24
R001469,I00024763,2025-11-18,Changed mind,17.27
R001470,I00024774,2025-03-26,Late delivery,16.66
R001471,I00024775,2025-12-25,Late delivery,26.58
R001472,I00024812,2024-09-20,Changed mind,20.54
R001473,I00024813,2024-09-02,Wrong item,137.41
R001474,I00024864,2025-11-15,Changed mind,30.65
R001475,I00024894,2025-12-31,Not as expected,43.56
R001476,I00025022,2025-11-02,Wrong item,22.95
R001477,I00025055,2025-12-31,Changed mind,16.98
R001478,I00025088,2025-06-28,Damaged,72.34
R001479,I00025089,2025-06-22,Changed mind,287.23
R001480,I00025117,2025-05-17,Not as expected,78.42
R001481,I00025177,2025-08-12,Changed mind,19.64
R001482,I00025185,2025-02-28,Late delivery,48.31
R001483,I00025213,2025-06-28,Changed mind,68.87
R001484,I00025222,2023-10-30,Changed mind,69.88
R001485,I00025273,2023-11-16,Changed mind,31.78
R001486,I00025338,2024-07-19,Wrong item,82.32
R001487,I00025339,2024-08-11,Late delivery,84.21
R001488,I00025348,2025-07-19,Not as expected,55.75
R001489,I00025453,2025-10-01,Not as expected,167.03
R001490,I00025454,2025-12-23,Not as expected,45.59
R001491,I00025456,2025-07-28,Changed mind,77.83
R001492,I00025457,2025-07-24,Damaged,29.23
R001493,I00025502,2025-03-19,Late delivery,38.51
R001494,I00025518,2025-12-31,Changed mind,8.42
R001495,I00025519,2025-12-31,Changed mind,232.85
R001496,I00025568,2025-07-08,Changed mind,180.79
R001497,I00025569,2025-08-01,Wrong item,23.33
R001498,I00025614,2025-06-16,Not as expected,85.8
R001499,I00025616,2025-09-05,Changed mind,46.84
R001500,I00025646,2025-12-31,Not as expected,45.11
R001501,I00025662,2024-03-24,Wrong item,155.21
R001502,I00025717,2025-12-06,Changed mind,133.47
R001503,I00025731,2025-12-31,Not as expected,22.22
R001504,I00025772,2025-04-01,Wrong item,78.37
R001505,I00025773,2025-04-01,Not as expected,12.24
R001506,I00025780,2024-11-03,Damaged,35.79
R001507,I00025781,2024-10-29,Changed mind,18.7
R001508,I00025782,2024-11-24,Not as expected,53.47
R001509,I00025787,2025-12-17,Changed mind,65.1
R001510,I00025801,2025-12-31,Wrong item,23.71
R001511,I00025806,2024-03-06,Damaged,41.78
R001512,I00025807,2024-02-26,Not as expected,38.19
R001513,I00025823,2025-03-30,Late delivery,20.14
R001514,I00025850,2025-04-11,Changed mind,75.43
R001515,I00025867,2025-09-11,Changed mind,17.96
R001516,I00025875,2025-05-14,Late delivery,51.89
R001517,I00025912,2025-07-07,Not as expected,66.89
R001518,I00025913,2025-06-12,Not as expected,60.91
R001519,I00025958,2025-05-01,Changed mind,86.14
R001520,I00025959,2025-04-28,Damaged,22.29
R001521,I00025985,2024-12-15,Late delivery,27.69
R001522,I00025986,2024-09-04,Damaged,53.88
R001523,I00025987,2024-09-06,Damaged,75.73
R001524,I00025997,2024-12-16,Wrong item,71.91
R001525,I00025998,2024-12-14,Wrong item,63.45
R001526,I00025999,2024-12-02,Wrong item,27.76
R001527,I00026009,2024-03-15,Late delivery,36.47
R001528,I00026029,2025-12-26,Late delivery,26.3
R001529,I00026087,2025-01-11,Wrong item,19.88
R001530,I00026130,2024-09-27,Not as expected,56.7
R001531,I00026147,2025-12-06,Damaged,20.17
R001532,I00026152,2025-07-23,Not as expected,81.04
R001533,I00026182,2025-12-24,Late delivery,78.1
R001534,I00026183,2025-12-31,Not as expected,18.26
R001535,I00026184,2025-12-31,Changed mind,215.04
R001536,I00026200,2025-09-11,Late delivery,27.73
R001537,I00026201,2024-09-27,Not as expected,10.49
R001538,I00026202,2024-10-07,Not as expected,22.0
R001539,I00026224,2025-11-21,Changed mind,50.55
R001540,I00026225,2025-11-28,Changed mind,71.04
R001541,I00026226,2025-11-25,Damaged,51.29
R001542,I00026239,2025-01-29,Not as expected,81.45
R001543,I00026277,2025-12-31,Changed mind,19.7
R001544,I00026280,2025-06-17,Damaged,73.77
R001545,I00026281,2025-06-13,Not as expected,101.17
R001546,I00026495,2025-02-11,Damaged,20.09
R001547,I00026525,2025-07-26,Not as expected,79.43
R001548,I00026526,2025-07-17,Damaged,61.15
R001549,I00026527,2025-07-10,Changed mind,66.73
R001550,I00026645,2024-03-13,Late delivery,62.19
R001551,I00026654,2025-01-07,Wrong item,46.96
R001552,I00026667,2024-05-13,Not as expected,13.76
R001553,I00026690,2025-02-17,Changed mind,9.3
R001554,I00026702,2025-11-10,Changed mind,48.65
R001555,I00026722,2025-12-29,Wrong item,25.05
R001556,I00026794,2024-10-05,Wrong item,24.02
R001557,I00026795,2024-10-17,Not as expected,164.36
R001558,I00026802,2023-12-01,Changed mind,19.42
R001559,I00026813,2025-12-31,Changed mind,81.87
R001560,I00026842,2025-12-31,Not as expected,26.93
R001561,I00026888,2025-04-18,Late delivery,34.65
R001562,I00026889,2025-04-11,Changed mind,41.98
R001563,I00026893,2025-12-22,Not as expected,10.33
R001564,I00026894,2025-12-02,Wrong item,33.9
R001565,I00026895,2025-12-17,Changed mind,24.75
R001566,I00026896,2025-12-17,Changed mind,124.91
R001567,I00026910,2024-06-17,Changed mind,25.23
R001568,I00026911,2024-05-22,Changed mind,80.39
R001569,I00026949,2024-12-25,Not as expected,39.29
R001570,I00026964,2023-12-14,Changed mind,11.31
R001571,I00026978,2025-08-04,Wrong item,52.83
R001572,I00026987,2025-05-18,Changed mind,39.41
R001573,I00027007,2025-11-02,Not as expected,97.21
R001574,I00027008,2025-11-08,Not as expected,8.37
R001575,I00027010,2024-11-28,Changed mind,19.15
R001576,I00027021,2024-07-05,Wrong item,46.64
R001577,I00027036,2025-10-19,Changed mind,42.61
R001578,I00027087,2025-02-08,Not as expected,76.6
R001579,I00027090,2025-10-05,Changed mind,56.48
R001580,I00027094,2025-07-02,Not as expected,77.71
R001581,I00027096,2024-07-13,Changed mind,24.19
R001582,I00027105,2024-12-20,Late delivery,24.8
R001583,I00027180,2025-12-18,Damaged,7.74
R001584,I00027189,2023-12-18,Wrong item,67.63
R001585,I00027196,2025-05-27,Damaged,25.43
R001586,I00027266,2025-12-31,Late delivery,91.89
R001587,I00027268,2025-12-08,Damaged,34.49
R001588,I00027278,2025-06-12,Wrong item,171.98
R001589,I00027281,2025-12-05,Changed mind,55.1
R001590,I00027282,2025-12-16,Not as expected,30.11
R001591,I00027301,2025-10-15,Wrong item,98.43
R001592,I00027323,2025-11-11,Changed mind,35.78
R001593,I00027328,2025-07-02,Changed mind,118.85
R001594,I00027353,2025-07-23,Damaged,19.73
R001595,I00027400,2025-10-26,Not as expected,47.39
R001596,I00027426,2025-05-31,Not as expected,40.35
R001597,I00027431,2025-08-01,Changed mind,26.73
R001598,I00027432,2025-08-04,Changed mind,18.86
R001599,I00027474,2025-09-05,Late delivery,57.11
R001600,I00027535,2024-11-06,Changed mind,148.31
R001601,I00027540,2024-10-21,Damaged,30.2
R001602,I00027541,2024-10-03,Changed mind,204.74
R001603,I00027545,2025-12-22,Damaged,35.69
R001604,I00027558,2025-10-28,Not as expected,19.56
R001605,I00027565,2025-01-14,Wrong item,130.77
R001606,I00027566,2024-12-30,Changed mind,38.36
R001607,I00027604,2025-09-06,Changed mind,38.97
R001608,I00027627,2025-08-02,Wrong item,9.52
R001609,I00027628,2025-08-06,Damaged,47.83
R001610,I00027629,2025-08-24,Changed mind,42.27
R001611,I00027630,2025-08-18,Late delivery,92.29
R001612,I00027631,2025-07-27,Not as expected,81.65
R001613,I00027687,2024-09-17,Changed mind,16.16
R001614,I00027720,2024-05-29,Not as expected,222.83
R001615,I00027727,2025-04-16,Not as expected,114.21
R001616,I00027732,2025-07-15,Not as expected,29.22
R001617,I00027733,2025-07-09,Late delivery,382.36
R001618,I00027736,2025-08-02,Not as expected,112.94
R001619,I00027783,2024-05-09,Changed mind,18.13
R001620,I00027796,2025-06-10,Changed mind,75.45
R001621,I00027797,2025-06-18,Not as expected,79.61
R001622,I00027804,2025-12-31,Late delivery,64.65
R001623,I00027805,2025-12-31,Not as expected,53.99
R001624,I00027806,2025-12-31,Changed mind,25.58
R001625,I00027812,2024-12-31,Damaged,18.0
R001626,I00027813,2025-09-18,Not as expected,91.37
R001627,I00027870,2025-11-12,Late delivery,136.37
R001628,I00027883,2025-11-19,Changed mind,69.46
R001629,I00027884,2025-12-02,Late delivery,93.25
R001630,I00027886,2025-12-31,Not as expected,93.49
R001631,I00027927,2025-05-27,Not as expected,21.61
R001632,I00027963,2024-03-11,Changed mind,106.79
R001633,I00027964,2024-03-04,Late delivery,71.59
R001634,I00027981,2025-12-17,Changed mind,21.38
R001635,I00028018,2025-11-28,Changed mind,33.53
R001636,I00028019,2024-09-09,Changed mind,107.42
R001637,I00028038,2025-12-31,Not as expected,20.88
R001638,I00028088,2025-11-28,Changed mind,36.36
R001639,I00028089,2025-12-04,Damaged,23.01
R001640,I00028108,2024-09-24,Damaged,26.58
R001641,I00028113,2025-10-28,Changed mind,69.88
R001642,I00028114,2025-11-11,Changed mind,90.18
R001643,I00028121,2024-11-24,Not as expected,30.22
R001644,I00028122,2024-11-25,Damaged,71.66
R001645,I00028144,2024-07-14,Not as expected,27.8
R001646,I00028162,2024-09-04,Late delivery,113.47
R001647,I00028176,2025-04-20,Not as expected,44.17
R001648,I00028177,2025-05-04,Wrong item,437.55
R001649,I00028184,2025-02-28,Damaged,21.22
R001650,I00028185,2025-02-26,Not as expected,75.16
R001651,I00028194,2025-04-09,Late delivery,36.8
R001652,I00028197,2025-06-07,Not as expected,9.4
R001653,I00028225,2025-08-19,Late delivery,11.81
R001654,I00028232,2025-07-23,Changed mind,62.01
R001655,I00028260,2024-09-25,Damaged,14.46
R001656,I00028270,2025-07-30,Changed mind,260.3
R001657,I00028308,2025-12-04,Damaged,12.52
R001658,I00028328,2025-05-25,Not as expected,24.05
R001659,I00028351,2025-04-11,Changed mind,101.93
R001660,I00028402,2025-08-20,Not as expected,18.15
R001661,I00028438,2025-12-31,Not as expected,51.72
R001662,I00028454,2025-11-16,Late delivery,53.6
R001663,I00028476,2025-09-17,Late delivery,42.07
R001664,I00028507,2025-10-03,Damaged,89.25
R001665,I00028537,2025-12-30,Not as expected,21.32
R001666,I00028618,2024-07-14,Changed mind,45.29
R001667,I00028640,2025-11-25,Damaged,75.13
R001668,I00028646,2024-12-28,Changed mind,46.4
R001669,I00028647,2024-12-27,Late delivery,81.06
R001670,I00028648,2024-12-02,Not as expected,78.96
R001671,I00028649,2024-12-15,Damaged,87.49
R001672,I00028658,2025-11-14,Not as expected,74.18
R001673,I00028697,2025-11-24,Damaged,54.57
R001674,I00028715,2025-01-11,Wrong item,19.46
R001675,I00028772,2024-09-08,Not as expected,67.82
R001676,I00028796,2025-05-28,Damaged,111.4
R001677,I00028824,2025-12-31,Not as expected,18.74
R001678,I00028828,2025-11-17,Changed mind,19.68
R001679,I00028829,2025-11-28,Late delivery,10.29
R001680,I00028855,2025-11-21,Changed mind,55.78
R001681,I00028856,2025-11-26,Changed mind,46.84
R001682,I00028872,2025-08-20,Changed mind,22.32
R001683,I00028878,2025-12-31,Not as expected,44.86
R001684,I00028926,2025-11-17,Not as expected,117.41
R001685,I00028930,2025-02-17,Changed mind,44.19
R001686,I00028931,2025-02-19,Wrong item,17.8
R001687,I00028932,2025-03-08,Changed mind,72.37
R001688,I00028945,2025-06-20,Not as expected,33.88
R001689,I00028995,2025-12-31,Not as expected,60.58
R001690,I00028996,2024-04-06,Not as expected,10.09
R001691,I00028999,2025-02-11,Not as expected,112.13
R001692,I00029010,2025-06-13,Damaged,28.84
R001693,I00029011,2025-06-10,Late delivery,30.15
R001694,I00029012,2025-05-24,Wrong item,21.72
R001695,I00029013,2025-06-21,Damaged,16.15
R001696,I00029069,2024-04-12,Changed mind,70.67
R001697,I00029202,2025-06-07,Changed mind,56.47
R001698,I00029203,2025-06-18,Not as expected,83.32
R001699,I00029204,2025-06-03,Damaged,149.9
R001700,I00029217,2025-12-04,Changed mind,199.07
R001701,I00029241,2024-06-13,Changed mind,25.99
R001702,I00029242,2024-05-23,Late delivery,106.37
R001703,I00029243,2024-06-06,Wrong item,17.22
R001704,I00029244,2024-06-02,Not as expected,43.94
R001705,I00029252,2025-07-13,Damaged,143.49
R001706,I00029265,2025-10-22,Changed mind,64.91
R001707,I00029266,2025-12-31,Not as expected,23.37
R001708,I00029267,2025-12-25,Not as expected,55.21
R001709,I00029292,2025-08-21,Changed mind,39.27
R001710,I00029293,2025-08-21,Damaged,74.67
R001711,I00029322,2024-11-01,Not as expected,23.05
R001712,I00029323,2024-10-06,Late delivery,26.28
R001713,I00029333,2025-05-15,Late delivery,69.5
R001714,I00029355,2025-03-24,Not as expected,218.31
R001715,I00029404,2025-11-24,Late delivery,31.92
R001716,I00029427,2025-11-13,Damaged,14.54
R001717,I00029436,2024-09-04,Not as expected,9.4
R001718,I00029456,2024-12-21,Changed mind,86.44
R001719,I00029473,2025-11-27,Changed mind,10.47
R001720,I00029477,2024-10-08,Changed mind,40.92
R001721,I00029496,2024-10-22,Wrong item,39.76
R001722,I00029521,2024-12-01,Changed mind,33.07
R001723,I00029549,2025-08-25,Damaged,64.11
R001724,I00029560,2025-03-05,Not as expected,16.6
R001725,I00029562,2024-10-21,Not as expected,34.22
R001726,I00029577,2025-02-22,Not as expected,94.42
R001727,I00029578,2025-02-16,Late delivery,59.1
R001728,I00029579,2025-02-17,Changed mind,45.29
R001729,I00029580,2025-02-20,Changed mind,44.64
R001730,I00029581,2025-03-03,Damaged,25.84
R001731,I00029586,2025-12-07,Not as expected,44.75
R001732,I00029598,2024-12-15,Damaged,30.31
R001733,I00029599,2024-12-16,Wrong item,29.64
R001734,I00029600,2025-09-09,Changed mind,19.08
R001735,I00029604,2025-12-29,Not as expected,33.0
R001736,I00029605,2025-12-31,Changed mind,39.45
R001737,I00029606,2025-12-31,Late delivery,49.42
R001738,I00029607,2025-12-31,Changed mind,38.75
R001739,I00029651,2025-12-31,Damaged,21.54
R001740,I00029652,2025-12-31,Wrong item,73.15
R001741,I00029653,2024-03-12,Not as expected,61.67
R001742,I00029654,2024-03-16,Late delivery,9.24
R001743,I00029655,2024-03-16,Not as expected,103.91
R001744,I00029713,2024-07-20,Changed mind,130.88
R001745,I00029726,2025-12-01,Changed mind,198.62
R001746,I00029727,2025-11-13,Changed mind,39.24
R001747,I00029728,2025-11-11,Changed mind,46.64
R001748,I00029729,2025-11-13,Wrong item,40.6
R001749,I00029730,2025-11-12,Not as expected,21.39
R001750,I00029752,2024-12-25,Not as expected,114.39
R001751,I00029815,2023-04-06,Late delivery,86.82
R001752,I00029823,2025-12-22,Changed mind,196.93
R001753,I00029826,2025-02-14,Changed mind,95.29
R001754,I00029832,2025-07-31,Not as expected,78.56
R001755,I00029833,2025-08-14,Wrong item,143.84
R001756,I00029846,2024-02-08,Wrong item,95.0
R001757,I00029848,2025-10-05,Damaged,59.92
R001758,I00029849,2025-10-05,Changed mind,41.89
R001759,I00029912,2025-06-24,Changed mind,23.04
R001760,I00029920,2025-10-27,Changed mind,232.51
R001761,I00029983,2025-12-19,Late delivery,24.04
R001762,I00030039,2025-11-08,Late delivery,102.0
R001763,I00030045,2024-09-01,Not as expected,19.76
R001764,I00030052,2025-10-01,Not as expected,50.01
R001765,I00030072,2024-09-09,Not as expected,20.85
R001766,I00030094,2025-04-20,Late delivery,34.65
R001767,I00030101,2025-11-05,Damaged,18.6
R001768,I00030110,2024-09-18,Changed mind,33.65
R001769,I00030111,2024-09-25,Wrong item,55.66
R001770,I00030163,2025-01-11,Late delivery,43.46
R001771,I00030164,2024-12-26,Not as expected,44.7
R001772,I00030165,2025-01-22,Late delivery,39.76
R001773,I00030170,2025-11-22,Not as expected,78.56
R001774,I00030213,2025-04-03,Changed mind,17.4
R001775,I00030231,2024-01-28,Changed mind,39.46
R001776,I00030232,2024-02-08,Late delivery,37.32
R001777,I00030233,2024-07-30,Wrong item,19.89
R001778,I00030234,2024-07-08,Late delivery,219.4
R001779,I00030264,2025-12-31,Not as expected,70.07
R001780,I00030335,2025-03-17,Not as expected,11.07
R001781,I00030387,2025-01-01,Late delivery,18.86
R001782,I00030442,2025-12-02,Wrong item,93.91
R001783,I00030446,2025-12-30,Not as expected,35.43
R001784,I00030461,2025-04-12,Not as expected,59.69
R001785,I00030471,2025-05-13,Not as expected,63.64
R001786,I00030497,2025-12-23,Damaged,9.8
R001787,I00030498,2025-12-28,Changed mind,40.03
R001788,I00030500,2025-07-31,Not as expected,24.42
R001789,I00030525,2025-06-12,Changed mind,104.65
R001790,I00030526,2025-06-08,Not as expected,29.78
R001791,I00030538,2025-01-18,Late delivery,88.82
R001792,I00030546,2025-02-11,Wrong item,286.69
R001793,I00030597,2025-03-08,Changed mind,17.99
R001794,I00030624,2025-10-12,Damaged,26.2
R001795,I00030641,2025-12-18,Changed mind,93.99
R001796,I00030646,2025-11-11,Wrong item,76.16
R001797,I00030649,2025-12-27,Not as expected,20.98
R001798,I00030650,2025-12-24,Changed mind,129.05
R001799,I00030651,2025-12-28,Changed mind,22.87
R001800,I00030685,2025-12-05,Changed mind,17.87
R001801,I00030709,2025-12-31,Not as expected,169.46
R001802,I00030728,2025-12-01,Not as expected,66.13
R001803,I00030786,2025-12-24,Not as expected,51.52
R001804,I00030801,2024-10-21,Damaged,20.1
R001805,I00030802,2024-11-04,Changed mind,69.94
R001806,I00030803,2024-11-05,Damaged,29.14
R001807,I00030804,2024-11-19,Not as expected,67.71
R001808,I00030805,2024-10-28,Changed mind,73.58
R001809,I00030856,2023-12-19,Late delivery,7.34
R001810,I00030857,2023-12-17,Changed mind,21.32
R001811,I00030858,2023-12-13,Changed mind,22.84
R001812,I00030859,2023-12-23,Wrong item,28.1
R001813,I00030863,2023-11-08,Not as expected,67.68
R001814,I00030874,2025-12-31,Changed mind,79.49
R001815,I00030889,2025-12-02,Not as expected,27.41
R001816,I00030896,2024-02-20,Damaged,18.87
R001817,I00030900,2025-12-31,Changed mind,42.6
R001818,I00030957,2025-12-31,Changed mind,34.01
R001819,I00030958,2025-12-31,Damaged,47.09
R001820,I00030978,2023-12-20,Wrong item,87.21
R001821,I00030995,2025-11-24,Damaged,16.09
R001822,I00030996,2025-12-23,Damaged,41.98
R001823,I00030997,2025-12-11,Damaged,10.03
R001824,I00031138,2024-05-17,Wrong item,34.42
R001825,I00031218,2025-11-07,Changed mind,62.95
R001826,I00031219,2025-11-09,Changed mind,41.31
R001827,I00031228,2025-01-04,Not as expected,37.72
R001828,I00031347,2024-02-10,Not as expected,65.73
R001829,I00031381,2024-07-23,Late delivery,53.7
R001830,I00031384,2025-08-07,Damaged,17.78
R001831,I00031398,2024-11-20,Late delivery,12.11
R001832,I00031399,2024-12-19,Late delivery,10.51
R001833,I00031531,2023-05-04,Changed mind,37.6
R001834,I00031543,2025-12-20,Not as expected,66.0
R001835,I00031551,2024-11-02,Damaged,17.71
R001836,I00031587,2025-12-13,Not as expected,41.69
R001837,I00031613,2025-02-08,Late delivery,63.16
R001838,I00031614,2025-08-29,Not as expected,11.18
R001839,I00031626,2025-07-31,Damaged,200.16
R001840,I00031627,2024-05-25,Late delivery,10.93
R001841,I00031630,2024-06-24,Not as expected,15.31
R001842,I00031632,2024-07-21,Not as expected,69.99
R001843,I00031648,2025-11-15,Changed mind,98.21
R001844,I00031649,2025-11-21,Not as expected,28.23
R001845,I00031669,2025-10-18,Not as expected,37.69
R001846,I00031682,2024-09-03,Not as expected,242.23
R001847,I00031741,2025-12-08,Late delivery,50.17
R001848,I00031798,2025-02-18,Not as expected,99.24
R001849,I00031799,2025-03-02,Damaged,37.78
R001850,I00031869,2025-12-11,Not as expected,17.26
R001851,I00031887,2025-08-28,Wrong item,80.22
R001852,I00031895,2025-04-12,Wrong item,21.9
R001853,I00031905,2025-12-07,Damaged,31.03
R001854,I00031922,2024-12-16,Late delivery,186.86
R001855,I00031935,2024-05-07,Wrong item,24.13
R001856,I00031943,2025-11-17,Changed mind,20.49
R001857,I00031963,2025-04-27,Damaged,10.22
R001858,I00031975,2025-12-03,Changed mind,34.97
R001859,I00031988,2025-12-31,Not as expected,77.42
R001860,I00032020,2025-07-09,Wrong item,43.87
R001861,I00032021,2025-06-17,Wrong item,25.15
R001862,I00032058,2025-11-02,Changed mind,17.0
R001863,I00032086,2025-11-17,Late delivery,29.04
R001864,I00032087,2025-11-17,Not as expected,49.28
R001865,I00032088,2025-11-19,Not as expected,24.71
R001866,I00032141,2024-07-16,Changed mind,16.1
R001867,I00032142,2024-07-19,Not as expected,25.84
R001868,I00032166,2024-05-13,Damaged,73.61
R001869,I00032192,2025-02-07,Not as expected,175.37
R001870,I00032193,2025-01-10,Not as expected,138.41
R001871,I00032236,2025-12-31,Changed mind,19.17
R001872,I00032238,2025-09-27,Changed mind,43.43
R001873,I00032256,2025-06-10,Changed mind,53.02
R001874,I00032262,2025-09-27,Changed mind,9.28
R001875,I00032301,2024-12-02,Not as expected,73.91
R001876,I00032309,2023-12-10,Not as expected,117.26
R001877,I00032348,2025-09-12,Changed mind,31.8
R001878,I00032350,2024-02-27,Not as expected,15.14
R001879,I00032431,2024-09-16,Not as expected,28.15
R001880,I00032432,2024-09-26,Damaged,143.74
R001881,I00032453,2025-11-10,Late delivery,61.36
R001882,I00032456,2025-06-17,Damaged,23.69
R001883,I00032457,2025-06-03,Changed mind,25.15
R001884,I00032458,2025-05-28,Changed mind,46.04
R001885,I00032563,2025-11-26,Damaged,16.75
R001886,I00032612,2024-11-24,Wrong item,42.43
R001887,I00032613,2024-12-13,Changed mind,27.22
R001888,I00032643,2025-02-04,Not as expected,41.47
R001889,I00032644,2025-02-09,Changed mind,42.36
R001890,I00032769,2025-11-24,Damaged,229.27
R001891,I00032790,2025-12-31,Damaged,56.0
R001892,I00032835,2025-11-27,Wrong item,74.61
R001893,I00032856,2025-07-18,Changed mind,15.79
R001894,I00032862,2024-07-09,Late delivery,89.36
R001895,I00032892,2025-11-28,Damaged,11.25
R001896,I00032955,2025-12-15,Damaged,24.0
R001897,I00032983,2025-08-29,Not as expected,18.77
R001898,I00033021,2025-12-18,Late delivery,54.03
R001899,I00033034,2025-02-28,Damaged,12.94
R001900,I00033035,2025-03-01,Changed mind,119.14
R001901,I00033060,2025-12-03,Wrong item,190.59
R001902,I00033061,2025-11-11,Not as expected,85.78
R001903,I00033091,2024-09-30,Late delivery,16.21
R001904,I00033114,2024-10-29,Wrong item,33.49
R001905,I00033128,2025-11-30,Not as expected,84.45
R001906,I00033138,2025-01-26,Changed mind,14.48
R001907,I00033225,2025-07-24,Late delivery,20.36
R001908,I00033230,2025-12-07,Wrong item,66.58
R001909,I00033236,2025-11-28,Not as expected,51.28
R001910,I00033237,2025-12-10,Wrong item,105.76
R001911,I00033318,2025-12-20,Changed mind,11.36
R001912,I00033325,2025-11-23,Changed mind,43.0
R001913,I00033365,2023-08-26,Changed mind,34.65
R001914,I00033375,2025-10-28,Changed mind,122.12
R001915,I00033376,2025-09-29,Not as expected,171.67
R001916,I00033424,2024-05-21,Not as expected,20.0
R001917,I00033471,2025-10-14,Changed mind,36.2
R001918,I00033472,2023-07-20,Changed mind,26.4
R001919,I00033473,2023-07-11,Damaged,31.4
R001920,I00033494,2024-07-09,Not as expected,12.76
R001921,I00033519,2024-03-07,Damaged,24.38
R001922,I00033520,2024-02-23,Changed mind,53.28
R001923,I00033521,2024-03-12,Damaged,104.9
R001924,I00033531,2025-04-14,Changed mind,51.96
R001925,I00033532,2025-04-10,Changed mind,15.09
R001926,I00033533,2025-04-15,Changed mind,90.68
R001927,I00033534,2025-05-08,Not as expected,56.0
R001928,I00033535,2025-05-06,Damaged,223.96
R001929,I00033539,2023-12-02,Not as expected,56.35
R001930,I00033540,2023-12-21,Wrong item,120.96
R001931,I00033541,2023-12-22,Changed mind,76.92
R001932,I00033552,2024-02-15,Not as expected,85.13
R001933,I00033555,2024-09-18,Damaged,38.36
R001934,I00033558,2024-11-29,Not as expected,16.91
R001935,I00033559,2024-11-22,Damaged,35.55
R001936,I00033560,2024-11-27,Changed mind,16.66
R001937,I00033568,2024-12-05,Not as expected,29.03
R001938,I00033585,2025-09-22,Damaged,43.37
R001939,I00033601,2024-08-20,Late delivery,23.86
R001940,I00033640,2025-10-22,Not as expected,45.3
R001941,I00033641,2025-12-31,Damaged,45.83
R001942,I00033680,2025-01-28,Changed mind,56.19
R001943,I00033690,2025-11-13,Not as expected,42.74
R001944,I00033753,2025-01-30,Changed mind,186.27
R001945,I00033762,2025-01-12,Changed mind,28.94
R001946,I00033772,2025-11-25,Damaged,181.33
R001947,I00033788,2025-05-14,Changed mind,43.46
R001948,I00033815,2025-10-11,Changed mind,17.99
R001949,I00033816,2025-10-10,Changed mind,50.39
R001950,I00033820,2025-10-21,Changed mind,17.56
R001951,I00033821,2025-10-24,Wrong item,20.17
R001952,I00033841,2025-12-04,Not as expected,37.92
R001953,I00033842,2025-12-22,Late delivery,19.98
R001954,I00033848,2025-12-31,Not as expected,19.5
R001955,I00033854,2025-05-24,Changed mind,42.42
R001956,I00033864,2023-12-11,Not as expected,36.08
R001957,I00033875,2025-04-23,Not as expected,8.78
R001958,I00033929,2025-06-24,Not as expected,48.44
R001959,I00033930,2025-06-18,Changed mind,42.34
R001960,I00033951,2025-12-03,Wrong item,22.08
R001961,I00033956,2024-11-23,Not as expected,190.91
R001962,I00033970,2025-12-15,Changed mind,35.23
R001963,I00033986,2025-01-09,Changed mind,62.29
R001964,I00033987,2025-01-17,Changed mind,12.03
R001965,I00033988,2025-01-20,Damaged,15.4
R001966,I00034006,2025-04-16,Changed mind,74.11
R001967,I00034007,2025-04-03,Late delivery,26.78
R001968,I00034025,2025-12-31,Changed mind,14.32
R001969,I00034038,2024-08-30,Changed mind,42.69
R001970,I00034069,2025-02-26,Not as expected,47.75
R001971,I00034070,2025-02-17,Not as expected,48.49
R001972,I00034083,2025-12-31,Damaged,13.48
R001973,I00034100,2024-04-01,Not as expected,37.08
R001974,I00034101,2023-08-07,Changed mind,24.67
R001975,I00034119,2025-12-31,Not as expected,160.88
R001976,I00034167,2024-04-20,Not as expected,48.63
R001977,I00034168,2024-04-25,Changed mind,38.29
R001978,I00034294,2025-09-21,Not as expected,32.42
R001979,I00034295,2025-10-15,Damaged,28.37
R001980,I00034296,2025-10-14,Damaged,54.5
R001981,I00034297,2025-09-30,Changed mind,26.75
R001982,I00034298,2025-10-14,Changed mind,19.47
R001983,I00034309,2025-06-05,Wrong item,31.05
R001984,I00034315,2024-09-04,Changed mind,51.0
R001985,I00034316,2024-08-19,Wrong item,26.44
R001986,I00034317,2024-08-14,Changed mind,34.89
R001987,I00034323,2025-03-30,Damaged,23.1
R001988,I00034329,2025-05-15,Not as expected,13.74
R001989,I00034363,2025-12-31,Changed mind,19.88
R001990,I00034364,2025-12-27,Late delivery,81.51
R001991,I00034365,2025-12-31,Not as expected,47.86
R001992,I00034386,2025-09-11,Damaged,24.48
R001993,I00034387,2025-08-25,Late delivery,47.68
R001994,I00034388,2025-08-31,Late delivery,89.93
R001995,I00034389,2025-08-28,Changed mind,47.22
R001996,I00034395,2025-01-23,Late delivery,25.92
R001997,I00034396,2025-02-03,Changed mind,43.43
R001998,I00034417,2025-12-04,Damaged,18.72
R001999,I00034418,2025-11-24,Not as expected,18.66
R002000,I00034430,2025-12-18,Late delivery,13.3
R002001,I00034431,2025-12-07,Not as expected,8.48
R002002,I00034455,2025-04-09,Wrong item,22.7
R002003,I00034456,2025-05-01,Changed mind,50.38
R002004,I00034459,2025-10-14,Changed mind,147.16
R002005,I00034513,2024-05-06,Late delivery,74.46
R002006,I00034518,2025-12-31,Not as expected,32.49
R002007,I00034550,2025-09-07,Not as expected,49.01
R002008,I00034551,2025-09-04,Not as expected,172.26
R002009,I00034588,2025-12-27,Wrong item,51.08
R002010,I00034606,2025-11-21,Not as expected,66.05
R002011,I00034607,2025-11-23,Changed mind,182.43
R002012,I00034608,2025-12-06,Not as expected,19.4
R002013,I00034643,2025-05-11,Changed mind,29.44
R002014,I00034649,2025-05-03,Wrong item,39.21
R002015,I00034670,2024-12-18,Changed mind,23.45
R002016,I00034684,2024-09-01,Not as expected,42.99
R002017,I00034704,2025-07-19,Not as expected,96.21
R002018,I00034705,2025-07-19,Wrong item,19.34
R002019,I00034716,2025-01-19,Wrong item,31.65
R002020,I00034717,2025-02-14,Not as expected,39.82
R002021,I00034718,2025-01-23,Late delivery,40.9
R002022,I00034719,2025-02-10,Changed mind,93.01
R002023,I00034720,2025-01-21,Damaged,60.84
R002024,I00034743,2025-11-15,Damaged,89.72
R002025,I00034749,2024-04-18,Damaged,61.88
R002026,I00034777,2025-01-12,Wrong item,45.57
R002027,I00034843,2024-03-23,Damaged,26.79
R002028,I00034848,2024-11-02,Not as expected,15.66
R002029,I00034849,2024-10-26,Not as expected,60.82
R002030,I00034879,2025-11-30,Changed mind,36.69
R002031,I00034930,2024-10-10,Wrong item,19.03
R002032,I00034966,2023-12-11,Wrong item,74.27
R002033,I00034967,2023-12-07,Wrong item,23.41
R002034,I00034968,2023-12-16,Damaged,86.75
R002035,I00034974,2024-05-11,Wrong item,68.89
R002036,I00034975,2024-05-14,Changed mind,83.03
R002037,I00035010,2024-06-12,Late delivery,206.5
R002038,I00035018,2025-02-23,Changed mind,40.49
R002039,I00035019,2025-02-23,Not as expected,86.17
R002040,I00035025,2025-03-01,Changed mind,63.88
R002041,I00035026,2025-02-27,Changed mind,87.61
R002042,I00035046,2025-02-04,Wrong item,26.58
R002043,I00035077,2025-06-09,Damaged,12.98
R002044,I00035105,2024-12-05,Changed mind,209.33
R002045,I00035117,2025-11-03,Not as expected,70.77
R002046,I00035118,2025-11-11,Not as expected,85.5
R002047,I00035119,2025-10-28,Late delivery,21.94
R002048,I00035168,2025-05-23,Changed mind,13.34
R002049,I00035169,2025-05-31,Damaged,41.76
R002050,I00035202,2024-06-15,Not as expected,16.29
R002051,I00035227,2025-03-23,Changed mind,24.78
R002052,I00035247,2025-01-06,Changed mind,11.11
R002053,I00035259,2024-05-09,Late delivery,96.51
R002054,I00035260,2024-05-02,Damaged,61.01
R002055,I00035261,2024-05-06,Changed mind,66.42
R002056,I00035262,2024-05-11,Damaged,23.56
R002057,I00035280,2025-12-31,Not as expected,176.13
R002058,I00035334,2025-04-22,Wrong item,95.19
R002059,I00035341,2025-07-20,Not as expected,362.45
R002060,I00035342,2025-08-03,Not as expected,22.81
R002061,I00035343,2025-08-04,Changed mind,13.39
R002062,I00035353,2025-02-22,Wrong item,21.98
R002063,I00035363,2025-06-19,Changed mind,92.26
R002064,I00035364,2025-06-22,Changed mind,169.51
R002065,I00035402,2025-10-07,Not as expected,93.9
R002066,I00035403,2025-09-26,Wrong item,41.38
R002067,I00035482,2025-11-05,Not as expected,49.2
R002068,I00035523,2025-12-02,Damaged,15.74
R002069,I00035525,2025-02-02,Changed mind,11.3
R002070,I00035558,2025-12-01,Damaged,100.79
R002071,I00035575,2025-12-14,Late delivery,42.37
R002072,I00035650,2025-09-16,Not as expected,68.33
R002073,I00035656,2024-11-27,Not as expected,51.97
R002074,I00035660,2025-10-27,Late delivery,11.46
R002075,I00035661,2025-10-26,Changed mind,73.07
R002076,I00035693,2024-12-28,Damaged,33.86
R002077,I00035702,2025-12-31,Late delivery,18.66
R002078,I00035736,2025-07-03,Damaged,155.66
R002079,I00035737,2025-07-14,Not as expected,82.34
R002080,I00035763,2023-04-24,Not as expected,47.18
R002081,I00035765,2025-12-31,Not as expected,10.43
R002082,I00035785,2025-12-31,Wrong item,38.42
R002083,I00035786,2024-11-19,Changed mind,52.81
R002084,I00035787,2024-11-10,Not as expected,132.05
R002085,I00035788,2024-11-24,Damaged,123.58
R002086,I00035789,2024-11-28,Not as expected,64.89
R002087,I00035806,2025-01-12,Damaged,45.68
R002088,I00035834,2025-09-03,Damaged,17.85
R002089,I00035877,2025-12-08,Changed mind,44.17
R002090,I00035901,2024-08-09,Changed mind,116.93
R002091,I00035913,2024-12-21,Wrong item,42.69
R002092,I00035914,2025-01-06,Changed mind,22.81
R002093,I00035963,2025-12-04,Wrong item,89.7
R002094,I00035964,2025-11-22,Not as expected,40.5
R002095,I00036005,2025-09-13,Not as expected,38.91
R002096,I00036025,2024-11-15,Late delivery,62.35
R002097,I00036026,2025-12-31,Not as expected,191.55
R002098,I00036027,2025-12-29,Late delivery,49.16
R002099,I00036090,2025-10-09,Changed mind,22.99
R002100,I00036107,2024-09-12,Changed mind,22.65
R002101,I00036159,2024-12-31,Damaged,137.23
R002102,I00036184,2025-10-12,Not as expected,85.3
R002103,I00036191,2025-12-31,Not as expected,235.18
R002104,I00036200,2025-12-31,Not as expected,107.31
R002105,I00036203,2024-12-01,Changed mind,16.7
R002106,I00036208,2024-01-18,Not as expected,89.67
R002107,I00036216,2025-05-24,Not as expected,96.21
R002108,I00036273,2025-12-08,Damaged,46.99
R002109,I00036291,2025-06-24,Not as expected,42.93
R002110,I00036292,2025-07-08,Late delivery,114.27
R002111,I00036306,2025-01-11,Changed mind,17.34
R002112,I00036307,2025-01-27,Changed mind,86.0
R002113,I00036308,2025-01-23,Not as expected,66.11
R002114,I00036318,2025-09-28,Damaged,21.92
R002115,I00036345,2025-12-16,Wrong item,67.74
R002116,I00036359,2025-11-01,Late delivery,60.18
R002117,I00036362,2025-06-07,Changed mind,43.52
R002118,I00036363,2025-06-13,Wrong item,60.45
R002119,I00036364,2025-07-01,Not as expected,24.26
R002120,I00036377,2023-07-08,Changed mind,211.27
R002121,I00036430,2024-05-23,Damaged,45.22
R002122,I00036434,2024-11-20,Late delivery,69.44
R002123,I00036443,2025-12-31,Changed mind,10.15
R002124,I00036457,2025-11-21,Damaged,80.47
R002125,I00036476,2025-12-31,Late delivery,187.27
R002126,I00036477,2025-12-16,Not as expected,22.84
R002127,I00036481,2025-11-26,Changed mind,104.33
R002128,I00036482,2025-11-24,Changed mind,46.23
R002129,I00036485,2025-08-25,Damaged,16.22
R002130,I00036486,2025-08-22,Changed mind,31.94
R002131,I00036487,2025-08-14,Not as expected,162.73
R002132,I00036488,2025-09-11,Changed mind,88.34
R002133,I00036525,2025-11-18,Changed mind,33.75
R002134,I00036556,2025-09-22,Wrong item,43.01
R002135,I00036557,2025-10-02,Wrong item,30.89
R002136,I00036561,2025-12-31,Wrong item,155.4
R002137,I00036569,2024-10-01,Wrong item,44.43
R002138,I00036634,2024-09-21,Changed mind,69.97
R002139,I00036699,2024-04-16,Changed mind,75.03
R002140,I00036701,2025-11-22,Late delivery,19.58
R002141,I00036702,2025-11-28,Wrong item,104.96
R002142,I00036723,2025-09-21,Changed mind,42.28
R002143,I00036729,2025-08-29,Not as expected,103.37
R002144,I00036730,2025-08-18,Changed mind,25.21
R002145,I00036731,2025-08-27,Changed mind,67.03
R002146,I00036732,2025-09-12,Not as expected,29.84
R002147,I00036841,2025-12-10,Damaged,162.32
R002148,I00036869,2024-11-27,Damaged,66.3
R002149,I00036966,2025-11-12,Changed mind,75.82
R002150,I00036979,2024-09-19,Changed mind,82.57
R002151,I00037081,2025-12-31,Changed mind,38.3
R002152,I00037082,2025-12-31,Changed mind,90.49
R002153,I00037091,2025-07-06,Changed mind,75.11
R002154,I00037105,2024-12-22,Not as expected,18.05
R002155,I00037155,2025-09-07,Not as expected,165.59
R002156,I00037156,2025-08-18,Changed mind,36.84
R002157,I00037157,2025-09-04,Not as expected,17.97
R002158,I00037158,2025-08-10,Not as expected,121.37
R002159,I00037194,2025-10-03,Damaged,41.86
R002160,I00037195,2025-10-11,Late delivery,16.48
R002161,I00037196,2025-09-18,Changed mind,38.21
R002162,I00037197,2025-10-01,Late delivery,21.48
R002163,I00037198,2025-10-14,Changed mind,19.62
R002164,I00037229,2025-12-31,Damaged,22.03
R002165,I00037233,2025-12-04,Changed mind,32.98
R002166,I00037243,2025-12-06,Changed mind,51.59
R002167,I00037247,2024-02-18,Changed mind,204.28
R002168,I00037248,2024-02-25,Damaged,184.99
R002169,I00037288,2025-12-31,Late delivery,187.7
R002170,I00037303,2025-12-24,Damaged,37.58
R002171,I00037337,2025-10-07,Damaged,27.29
R002172,I00037339,2025-06-15,Not as expected,17.38
R002173,I00037380,2024-07-13,Changed mind,36.27
R002174,I00037381,2024-07-05,Changed mind,334.85
R002175,I00037384,2025-09-03,Damaged,32.58
R002176,I00037385,2025-09-20,Not as expected,21.19
R002177,I00037389,2025-11-24,Damaged,83.15
R002178,I00037390,2025-12-03,Damaged,150.75
R002179,I00037399,2025-04-06,Late delivery,183.94
R002180,I00037407,2024-12-31,Changed mind,44.25
R002181,I00037424,2025-11-23,Changed mind,22.19
R002182,I00037425,2025-11-16,Changed mind,45.44
R002183,I00037446,2025-12-31,Changed mind,68.63
R002184,I00037447,2025-12-23,Damaged,12.4
R002185,I00037457,2024-11-29,Changed mind,78.44
R002186,I00037464,2025-12-10,Late delivery,23.03
R002187,I00037465,2025-12-07,Changed mind,92.23
R002188,I00037466,2025-12-12,Not as expected,16.61
R002189,I00037494,2025-04-22,Late delivery,20.23
R002190,I00037506,2025-12-17,Not as expected,30.93
R002191,I00037521,2025-09-22,Not as expected,117.3
R002192,I00037551,2025-11-15,Changed mind,85.69
R002193,I00037552,2025-11-15,Changed mind,42.22
R002194,I00037556,2025-11-15,Late delivery,62.42
R002195,I00037570,2025-09-08,Damaged,19.63
R002196,I00037573,2025-05-19,Not as expected,65.69
R002197,I00037599,2024-02-21,Changed mind,72.44
R002198,I00037600,2025-09-30,Changed mind,56.04
R002199,I00037608,2025-12-31,Not as expected,33.49
R002200,I00037630,2025-12-06,Not as expected,13.06
R002201,I00037659,2025-11-03,Late delivery,18.73
R002202,I00037660,2025-10-27,Changed mind,50.55
R002203,I00037667,2024-11-17,Wrong item,109.22
R002204,I00037700,2024-02-26,Damaged,23.94
R002205,I00037701,2024-03-16,Changed mind,19.41
R002206,I00037721,2024-04-22,Not as expected,29.55
R002207,I00037722,2024-04-30,Damaged,11.73
R002208,I00037723,2024-04-29,Changed mind,8.65
R002209,I00037724,2024-05-04,Damaged,36.38
R002210,I00037753,2024-08-20,Damaged,30.8
R002211,I00037809,2025-12-12,Changed mind,88.35
R002212,I00037810,2025-12-31,Late delivery,20.52
R002213,I00037811,2025-12-10,Wrong item,15.83
R002214,I00037818,2025-11-12,Damaged,13.81
R002215,I00037819,2025-10-19,Not as expected,75.56
R002216,I00037820,2025-02-08,Late delivery,24.29
R002217,I00037821,2025-01-14,Wrong item,9.93
R002218,I00037900,2025-06-05,Changed mind,45.47
R002219,I00037981,2025-12-13,Late delivery,119.7
R002220,I00038011,2025-05-10,Damaged,69.51
R002221,I00038043,2025-08-29,Changed mind,222.12
R002222,I00038044,2024-08-12,Not as expected,71.87
R002223,I00038046,2025-12-31,Damaged,98.59
R002224,I00038058,2025-12-30,Changed mind,36.3
R002225,I00038059,2025-12-31,Not as expected,78.44
R002226,I00038060,2025-12-15,Not as expected,75.29
R002227,I00038061,2025-12-31,Damaged,45.16
R002228,I00038066,2025-12-31,Not as expected,60.89
R002229,I00038091,2025-12-29,Changed mind,51.81
R002230,I00038095,2025-05-17,Damaged,107.29
R002231,I00038096,2025-05-16,Not as expected,21.95
R002232,I00038106,2025-02-06,Not as expected,114.55
R002233,I00038107,2025-02-28,Late delivery,92.48
R002234,I00038116,2024-07-29,Not as expected,48.07
R002235,I00038147,2025-08-31,Late delivery,175.87
R002236,I00038148,2025-08-25,Not as expected,75.02
R002237,I00038149,2025-08-30,Damaged,20.33
R002238,I00038171,2023-07-03,Changed mind,108.31
R002239,I00038180,2024-12-01,Changed mind,25.89
R002240,I00038211,2025-12-10,Damaged,161.87
R002241,I00038215,2025-12-31,Late delivery,16.34
R002242,I00038245,2025-09-18,Late delivery,14.51
R002243,I00038262,2025-03-24,Changed mind,36.76
R002244,I00038265,2024-03-11,Late delivery,40.29
R002245,I00038268,2024-10-15,Not as expected,85.18
R002246,I00038272,2025-01-31,Changed mind,33.54
R002247,I00038288,2024-07-26,Changed mind,18.45
R002248,I00038389,2023-10-19,Not as expected,94.62
R002249,I00038390,2023-11-07,Changed mind,9.27
R002250,I00038391,2023-11-12,Not as expected,40.0
R002251,I00038437,2025-05-15,Not as expected,33.36
R002252,I00038494,2024-05-08,Changed mind,31.68
R002253,I00038525,2023-12-03,Late delivery,89.98
R002254,I00038528,2025-12-12,Changed mind,12.18
R002255,I00038532,2025-07-05,Late delivery,15.6
R002256,I00038542,2024-12-28,Changed mind,38.19
R002257,I00038610,2025-11-06,Not as expected,321.04
R002258,I00038617,2025-12-31,Damaged,122.81
R002259,I00038618,2025-12-31,Changed mind,61.82
R002260,I00038643,2025-11-30,Late delivery,152.0
R002261,I00038652,2025-03-22,Wrong item,21.38
R002262,I00038672,2024-11-16,Changed mind,23.56
R002263,I00038685,2025-11-17,Damaged,25.11
R002264,I00038686,2025-11-12,Wrong item,216.76
R002265,I00038687,2025-11-27,Changed mind,75.11
R002266,I00038729,2025-12-12,Changed mind,73.27
R002267,I00038775,2024-04-24,Not as expected,59.62
R002268,I00038790,2025-12-30,Not as expected,168.86
R002269,I00038803,2025-12-20,Not as expected,80.54
R002270,I00038815,2024-12-24,Not as expected,49.33
R002271,I00038816,2024-12-11,Late delivery,44.61
R002272,I00038817,2024-12-20,Damaged,169.39
R002273,I00038818,2024-12-08,Changed mind,208.81
R002274,I00038865,2025-11-27,Not as expected,216.21
R002275,I00038879,2025-04-06,Damaged,82.13
R002276,I00038883,2024-11-06,Changed mind,9.18
R002277,I00038906,2023-12-14,Damaged,44.49
R002278,I00038907,2023-12-01,Changed mind,47.77
R002279,I00038925,2025-12-31,Changed mind,66.57
R002280,I00038933,2024-08-28,Changed mind,66.97
R002281,I00038988,2025-11-29,Damaged,62.97
R002282,I00039067,2025-12-31,Changed mind,41.3
R002283,I00039073,2025-11-13,Damaged,42.67
R002284,I00039116,2025-12-31,Changed mind,30.43
R002285,I00039117,2025-12-03,Changed mind,156.72
R002286,I00039118,2025-11-23,Changed mind,20.7
R002287,I00039134,2025-12-09,Damaged,33.68
R002288,I00039184,2025-12-31,Not as expected,31.13
R002289,I00039202,2025-11-03,Changed mind,19.03
R002290,I00039214,2025-07-16,Damaged,27.8
R002291,I00039242,2024-03-11,Damaged,58.34
R002292,I00039248,2025-08-30,Not as expected,46.13
R002293,I00039268,2025-12-05,Damaged,68.62
R002294,I00039271,2025-02-21,Changed mind,44.71
R002295,I00039299,2025-10-06,Damaged,84.57
R002296,I00039300,2025-09-28,Damaged,24.98
R002297,I00039315,2024-05-28,Wrong item,17.83
R002298,I00039316,2024-06-16,Not as expected,29.14
R002299,I00039317,2024-06-25,Late delivery,77.66
R002300,I00039318,2024-06-13,Late delivery,8.62
R002301,I00039322,2024-11-19,Wrong item,19.25
R002302,I00039340,2025-11-06,Changed mind,67.56
R002303,I00039341,2025-10-27,Not as expected,8.21
R002304,I00039342,2025-11-01,Damaged,80.21
R002305,I00039343,2025-11-07,Changed mind,12.37
R002306,I00039350,2025-11-20,Changed mind,18.49
R002307,I00039368,2025-12-31,Not as expected,50.19
R002308,I00039369,2025-12-31,Changed mind,17.77
R002309,I00039378,2025-05-06,Changed mind,21.0
R002310,I00039415,2025-02-13,Wrong item,81.42
R002311,I00039420,2025-10-10,Not as expected,10.99
R002312,I00039426,2025-06-25,Changed mind,41.11
R002313,I00039463,2025-08-28,Not as expected,71.95
R002314,I00039516,2025-04-25,Not as expected,45.88
R002315,I00039546,2025-11-07,Not as expected,86.99
R002316,I00039547,2025-11-17,Not as expected,40.62
R002317,I00039628,2024-05-02,Changed mind,21.73
R002318,I00039631,2025-12-27,Not as expected,19.53
R002319,I00039632,2025-12-14,Damaged,62.34
R002320,I00039633,2025-12-06,Wrong item,52.71
R002321,I00039634,2025-12-14,Changed mind,21.39
R002322,I00039689,2025-11-14,Changed mind,131.65
R002323,I00039697,2024-12-13,Not as expected,9.72
R002324,I00039699,2025-12-03,Not as expected,29.54
R002325,I00039703,2024-11-24,Not as expected,158.15
R002326,I00039746,2025-12-15,Changed mind,42.08
R002327,I00039760,2025-12-18,Changed mind,61.77
R002328,I00039797,2023-02-14,Not as expected,32.63
R002329,I00039811,2025-11-04,Changed mind,43.15
R002330,I00039819,2025-12-31,Damaged,49.65
R002331,I00039820,2025-12-28,Damaged,95.5
R002332,I00039821,2025-12-24,Not as expected,16.78
R002333,I00039822,2025-12-30,Damaged,14.03
R002334,I00039832,2025-11-09,Damaged,20.14
R002335,I00039838,2024-12-25,Damaged,35.11
R002336,I00039865,2024-03-07,Not as expected,20.28
R002337,I00039866,2024-03-21,Wrong item,97.14
R002338,I00039868,2025-08-11,Changed mind,33.52
R002339,I00039869,2025-07-24,Not as expected,34.5
R002340,I00039914,2024-04-02,Not as expected,83.3
R002341,I00039915,2024-03-21,Changed mind,32.12
R002342,I00039968,2025-10-03,Not as expected,24.89
R002343,I00039978,2024-11-24,Changed mind,44.25
R002344,I00039979,2024-12-02,Late delivery,43.01
R002345,I00039980,2024-11-30,Late delivery,18.09
R002346,I00039981,2024-11-16,Changed mind,53.76
R002347,I00039985,2024-03-03,Not as expected,76.83
R002348,I00040064,2025-06-01,Not as expected,17.56
R002349,I00040092,2024-12-12,Changed mind,10.94
R002350,I00040107,2024-06-04,Wrong item,81.53
R002351,I00040170,2025-08-21,Changed mind,20.05
R002352,I00040180,2025-02-01,Not as expected,37.34
R002353,I00040250,2024-11-29,Not as expected,172.76
R002354,I00040251,2024-12-06,Damaged,65.83
R002355,I00040252,2025-11-22,Changed mind,103.91
R002356,I00040279,2025-11-09,Damaged,22.36
R002357,I00040284,2025-12-31,Not as expected,54.5
R002358,I00040364,2025-03-30,Damaged,18.39
R002359,I00040374,2025-09-23,Changed mind,124.73
R002360,I00040431,2025-07-20,Damaged,46.55
R002361,I00040435,2025-08-15,Not as expected,206.64
R002362,I00040436,2025-07-29,Changed mind,62.87
R002363,I00040444,2025-10-27,Not as expected,38.96
R002364,I00040446,2025-11-22,Changed mind,43.17
R002365,I00040447,2025-12-16,Changed mind,169.68
R002366,I00040491,2025-01-29,Changed mind,71.87
R002367,I00040534,2025-02-15,Changed mind,92.95
R002368,I00040683,2025-05-15,Changed mind,74.41
R002369,I00040693,2025-12-31,Not as expected,79.58
R002370,I00040725,2024-06-04,Not as expected,35.11
R002371,I00040726,2025-08-13,Late delivery,22.76
R002372,I00040739,2025-07-03,Changed mind,21.15
R002373,I00040741,2025-07-21,Damaged,24.63
R002374,I00040778,2025-10-27,Late delivery,19.56
R002375,I00040785,2024-02-21,Not as expected,20.96
R002376,I00040786,2024-02-12,Wrong item,37.35
R002377,I00040787,2024-02-06,Late delivery,25.88
R002378,I00040788,2023-08-03,Changed mind,15.49
R002379,I00040798,2023-10-31,Changed mind,161.25
R002380,I00040799,2023-11-21,Not as expected,22.41
R002381,I00040856,2025-11-25,Not as expected,12.61
R002382,I00040936,2025-12-13,Changed mind,12.7
R002383,I00040937,2025-11-28,Changed mind,78.94
R002384,I00040963,2025-09-09,Not as expected,21.71
R002385,I00040980,2024-09-15,Changed mind,46.99
R002386,I00040992,2023-11-06,Late delivery,21.54
R002387,I00041013,2025-02-02,Damaged,110.97
R002388,I00041049,2025-11-23,Changed mind,32.89
R002389,I00041066,2025-08-21,Changed mind,57.29
R002390,I00041118,2024-12-26,Not as expected,23.15
R002391,I00041119,2024-12-25,Wrong item,39.19
R002392,I00041120,2025-01-14,Not as expected,19.93
R002393,I00041127,2025-10-08,Damaged,49.9
R002394,I00041128,2025-09-30,Late delivery,53.66
R002395,I00041159,2025-02-01,Not as expected,42.35
R002396,I00041210,2025-12-04,Damaged,23.11
R002397,I00041216,2025-07-20,Changed mind,51.83
R002398,I00041245,2025-05-28,Damaged,222.68
R002399,I00041260,2024-11-07,Not as expected,20.1
R002400,I00041269,2025-07-31,Changed mind,18.98
R002401,I00041270,2025-07-19,Changed mind,23.01
R002402,I00041319,2025-03-05,Wrong item,28.15
R002403,I00041320,2025-03-07,Damaged,55.92
R002404,I00041335,2025-03-07,Wrong item,22.14
R002405,I00041337,2025-10-25,Not as expected,85.67
R002406,I00041338,2025-10-16,Late delivery,28.16
R002407,I00041413,2025-12-21,Late delivery,46.51
R002408,I00041450,2025-07-22,Damaged,18.39
R002409,I00041486,2025-11-16,Not as expected,81.76
R002410,I00041487,2025-11-08,Changed mind,12.29
R002411,I00041488,2025-11-24,Changed mind,57.12
R002412,I00041489,2025-11-07,Not as expected,42.03
R002413,I00041505,2025-12-31,Damaged,72.14
R002414,I00041552,2025-12-10,Not as expected,72.49
R002415,I00041553,2025-12-11,Changed mind,54.57
R002416,I00041562,2025-10-18,Damaged,23.71
R002417,I00041563,2025-10-21,Late delivery,72.68
R002418,I00041579,2025-01-12,Late delivery,34.68
R002419,I00041613,2025-01-11,Late delivery,76.36
R002420,I00041623,2025-11-15,Wrong item,65.53
R002421,I00041624,2025-12-10,Not as expected,30.84
R002422,I00041632,2025-12-31,Late delivery,25.81
R002423,I00041682,2025-12-02,Wrong item,38.99
R002424,I00041690,2025-12-21,Changed mind,72.79
R002425,I00041741,2024-10-13,Changed mind,58.42
R002426,I00041781,2024-10-15,Not as expected,12.03
R002427,I00041782,2024-09-26,Not as expected,59.24
R002428,I00041784,2025-12-31,Changed mind,43.1
R002429,I00041872,2025-09-19,Late delivery,18.37
R002430,I00041873,2025-08-26,Changed mind,15.97
R002431,I00041874,2025-12-21,Not as expected,99.27
R002432,I00041912,2025-12-31,Changed mind,11.77
R002433,I00041913,2025-12-31,Damaged,66.36
R002434,I00041914,2025-12-31,Not as expected,55.36
R002435,I00041923,2025-11-28,Changed mind,16.04
R002436,I00041924,2025-11-17,Damaged,82.23
R002437,I00041930,2025-01-01,Damaged,22.18
R002438,I00041931,2024-12-08,Wrong item,101.55
R002439,I00041975,2024-12-31,Damaged,60.59
R002440,I00041977,2024-10-07,Wrong item,60.08
R002441,I00041978,2024-10-07,Changed mind,101.64
R002442,I00042066,2025-06-10,Not as expected,30.75
R002443,I00042124,2024-04-11,Not as expected,105.87
R002444,I00042146,2025-09-21,Not as expected,59.56
R002445,I00042172,2024-04-02,Damaged,70.58
R002446,I00042173,2024-04-10,Wrong item,22.6
R002447,I00042181,2025-12-21,Changed mind,44.86
R002448,I00042182,2025-12-22,Changed mind,25.06
R002449,I00042183,2025-12-12,Not as expected,49.83
R002450,I00042184,2025-12-09,Not as expected,24.8
R002451,I00042191,2025-01-28,Not as expected,72.28
R002452,I00042202,2024-09-13,Changed mind,308.01
R002453,I00042212,2025-12-28,Changed mind,17.13
R002454,I00042213,2025-12-31,Damaged,61.29
R002455,I00042214,2025-12-17,Not as expected,8.74
R002456,I00042232,2025-11-04,Changed mind,16.19
R002457,I00042233,2025-11-09,Wrong item,24.92
R002458,I00042234,2025-11-13,Changed mind,27.26
R002459,I00042235,2025-11-05,Wrong item,14.14
R002460,I00042236,2025-10-29,Wrong item,87.8
R002461,I00042258,2025-10-02,Not as expected,42.61
R002462,I00042261,2024-08-14,Not as expected,23.8
R002463,I00042262,2024-08-25,Changed mind,51.04
R002464,I00042290,2025-04-30,Changed mind,17.87
R002465,I00042332,2025-12-20,Wrong item,78.96
R002466,I00042333,2025-12-31,Not as expected,38.57
R002467,I00042336,2025-08-31,Wrong item,35.56
R002468,I00042338,2025-11-30,Damaged,26.58
R002469,I00042339,2025-11-29,Changed mind,31.29
R002470,I00042355,2024-11-26,Wrong item,73.53
R002471,I00042382,2024-02-24,Damaged,66.54
R002472,I00042396,2025-09-19,Changed mind,23.13
R002473,I00042425,2025-02-17,Late delivery,20.96
R002474,I00042426,2025-02-05,Damaged,40.54
R002475,I00042427,2025-02-09,Not as expected,206.04
R002476,I00042432,2023-09-13,Late delivery,38.28
R002477,I00042472,2025-04-23,Changed mind,131.82
R002478,I00042473,2025-04-27,Late delivery,55.32
R002479,I00042487,2025-02-10,Changed mind,21.38
R002480,I00042503,2024-12-08,Damaged,104.54
R002481,I00042516,2025-06-03,Wrong item,10.14
R002482,I00042548,2025-12-17,Not as expected,192.36
R002483,I00042560,2025-05-01,Changed mind,53.69
R002484,I00042561,2025-04-26,Not as expected,44.66
R002485,I00042563,2023-12-02,Changed mind,23.25
R002486,I00042587,2025-12-31,Not as expected,10.49
R002487,I00042591,2025-07-07,Changed mind,12.65
R002488,I00042608,2025-12-31,Changed mind,77.8
R002489,I00042679,2025-04-19,Changed mind,20.87
R002490,I00042680,2025-10-22,Late delivery,23.93
R002491,I00042696,2025-10-06,Late delivery,92.68
R002492,I00042697,2025-10-10,Changed mind,34.58
R002493,I00042714,2025-10-15,Changed mind,26.19
R002494,I00042715,2025-10-04,Not as expected,80.49
R002495,I00042761,2025-02-14,Not as expected,13.19
R002496,I00042786,2025-10-20,Damaged,58.65
R002497,I00042809,2025-12-23,Late delivery,120.28
R002498,I00042848,2025-11-25,Changed mind,17.32
R002499,I00042849,2025-12-06,Not as expected,27.54
R002500,I00042936,2025-12-01,Changed mind,31.02
R002501,I00042952,2025-12-31,Not as expected,12.56
R002502,I00042958,2025-11-29,Changed mind,12.17
R002503,I00042986,2025-12-31,Changed mind,262.91
R002504,I00043004,2024-10-09,Changed mind,16.49
R002505,I00043006,2023-12-20,Changed mind,30.69
R002506,I00043007,2023-12-07,Not as expected,25.73
R002507,I00043008,2023-12-22,Damaged,15.58
R002508,I00043037,2025-05-22,Changed mind,46.88
R002509,I00043060,2025-05-01,Changed mind,103.73
R002510,I00043099,2025-08-15,Changed mind,34.63
R002511,I00043137,2025-04-30,Not as expected,13.29
R002512,I00043138,2025-04-22,Changed mind,52.92
R002513,I00043139,2025-04-22,Not as expected,14.92
R002514,I00043140,2025-04-06,Changed mind,47.35
R002515,I00043141,2025-04-07,Changed mind,21.15
R002516,I00043146,2025-11-25,Not as expected,123.94
R002517,I00043156,2025-01-05,Damaged,17.29
R002518,I00043159,2025-11-20,Not as expected,89.5
R002519,I00043198,2024-04-19,Changed mind,17.84
R002520,I00043199,2024-04-05,Late delivery,62.14
R002521,I00043202,2023-08-16,Changed mind,56.23
R002522,I00043241,2024-12-15,Damaged,30.71
R002523,I00043242,2024-12-14,Not as expected,76.05
R002524,I00043243,2024-12-25,Damaged,18.07
R002525,I00043244,2025-01-01,Damaged,21.71
R002526,I00043249,2025-11-12,Not as expected,11.28
R002527,I00043250,2025-11-20,Wrong item,60.41
R002528,I00043251,2025-10-24,Not as expected,29.42
R002529,I00043286,2024-12-30,Late delivery,108.17
R002530,I00043322,2025-01-02,Not as expected,37.28
R002531,I00043375,2025-11-12,Not as expected,63.73
R002532,I00043398,2025-01-25,Changed mind,33.26
R002533,I00043461,2025-11-08,Changed mind,76.61
R002534,I00043462,2025-12-05,Changed mind,30.77
R002535,I00043467,2024-12-19,Damaged,9.01
R002536,I00043473,2025-10-24,Not as expected,22.15
R002537,I00043510,2025-03-14,Not as expected,84.31
R002538,I00043511,2025-03-16,Wrong item,43.51
R002539,I00043524,2025-11-01,Changed mind,12.74
R002540,I00043525,2025-11-17,Not as expected,40.78
R002541,I00043683,2025-08-02,Damaged,47.38
R002542,I00043685,2025-07-10,Changed mind,28.78
R002543,I00043699,2024-09-19,Damaged,28.31
R002544,I00043733,2025-06-26,Damaged,24.08
R002545,I00043741,2025-09-16,Damaged,43.44
R002546,I00043758,2024-06-10,Late delivery,71.71
R002547,I00043759,2024-06-14,Not as expected,7.8
R002548,I00043760,2024-06-01,Not as expected,17.05
R002549,I00043761,2024-06-11,Changed mind,45.16
R002550,I00043797,2025-10-01,Late delivery,19.58
R002551,I00043798,2025-10-01,Not as expected,132.08
R002552,I00043800,2024-06-08,Late delivery,46.34
R002553,I00043803,2024-12-08,Damaged,13.29
R002554,I00043804,2024-12-18,Changed mind,71.37
R002555,I00043805,2025-12-26,Changed mind,34.3
R002556,I00043842,2025-10-10,Wrong item,107.37
R002557,I00043859,2025-01-03,Changed mind,24.34
R002558,I00043874,2025-09-05,Changed mind,44.44
R002559,I00043895,2025-11-06,Changed mind,9.7
R002560,I00043896,2025-11-13,Not as expected,19.67
R002561,I00043897,2025-11-14,Damaged,20.7
R002562,I00043898,2025-12-31,Not as expected,133.82
R002563,I00044005,2025-05-12,Changed mind,76.0
R002564,I00044006,2025-05-05,Late delivery,19.84
R002565,I00044007,2025-05-04,Damaged,221.29
R002566,I00044008,2025-05-15,Late delivery,103.96
R002567,I00044051,2025-05-20,Not as expected,121.77
R002568,I00044062,2025-06-14,Damaged,16.59
R002569,I00044068,2025-12-31,Changed mind,28.09
R002570,I00044115,2025-12-31,Damaged,20.2
R002571,I00044119,2025-07-28,Damaged,8.77
R002572,I00044120,2024-09-16,Wrong item,21.96
R002573,I00044124,2025-12-22,Not as expected,73.96
R002574,I00044227,2024-02-08,Damaged,114.47
R002575,I00044240,2025-11-29,Changed mind,92.62
R002576,I00044241,2025-10-13,Not as expected,53.31
R002577,I00044272,2025-12-14,Changed mind,78.56
R002578,I00044340,2024-11-13,Changed mind,34.22
R002579,I00044439,2025-12-05,Wrong item,177.96
R002580,I00044442,2025-07-17,Changed mind,83.72
R002581,I00044459,2025-09-14,Damaged,41.1
R002582,I00044460,2025-09-13,Not as expected,162.42
R002583,I00044461,2025-10-03,Changed mind,65.3
R002584,I00044462,2025-09-28,Damaged,41.0
R002585,I00044494,2025-10-16,Changed mind,217.81
R002586,I00044506,2023-04-08,Not as expected,17.35
R002587,I00044507,2023-04-09,Wrong item,47.51
R002588,I00044514,2025-12-14,Damaged,79.6
R002589,I00044570,2025-10-07,Wrong item,60.89
R002590,I00044631,2025-12-01,Changed mind,111.31
R002591,I00044656,2025-12-14,Wrong item,35.62
R002592,I00044657,2025-12-09,Changed mind,28.04
R002593,I00044669,2025-12-01,Changed mind,15.32
R002594,I00044670,2025-11-29,Late delivery,18.27
R002595,I00044671,2025-12-04,Not as expected,24.05
R002596,I00044680,2024-05-02,Late delivery,94.04
R002597,I00044687,2025-01-04,Changed mind,69.45
R002598,I00044725,2025-12-31,Wrong item,31.87
R002599,I00044802,2025-12-09,Late delivery,21.65
R002600,I00044805,2025-01-07,Changed mind,26.44
R002601,I00044825,2025-02-16,Changed mind,24.35
R002602,I00044826,2025-02-14,Changed mind,194.48
R002603,I00044827,2025-02-03,Late delivery,22.46
R002604,I00044828,2025-01-27,Wrong item,83.63
R002605,I00044829,2025-02-13,Wrong item,40.25
R002606,I00044870,2025-08-10,Wrong item,78.46
R002607,I00044896,2025-12-31,Changed mind,38.88
R002608,I00044928,2024-07-28,Late delivery,72.09
R002609,I00044932,2025-04-21,Changed mind,17.56
R002610,I00044948,2025-08-25,Damaged,51.14
R002611,I00045009,2024-02-15,Not as expected,19.96
R002612,I00045018,2023-08-30,Changed mind,184.08
R002613,I00045019,2023-08-24,Changed mind,177.49
R002614,I00045036,2023-06-19,Changed mind,17.14
R002615,I00045037,2023-06-20,Changed mind,23.09
R002616,I00045038,2023-06-29,Changed mind,99.74
R002617,I00045039,2023-07-05,Changed mind,19.38
R002618,I00045103,2025-11-05,Changed mind,92.55
R002619,I00045109,2025-04-24,Not as expected,33.37
R002620,I00045119,2025-08-28,Late delivery,44.85
R002621,I00045184,2025-07-03,Damaged,116.04
R002622,I00045185,2025-07-18,Changed mind,44.78
R002623,I00045187,2025-12-31,Changed mind,20.62
R002624,I00045188,2025-12-31,Damaged,221.91
R002625,I00045189,2025-12-31,Late delivery,38.03
R002626,I00045214,2025-11-04,Changed mind,21.98
R002627,I00045216,2025-02-14,Late delivery,61.66
R002628,I00045265,2025-01-19,Not as expected,17.9
R002629,I00045272,2024-05-24,Changed mind,30.27
R002630,I00045281,2025-08-26,Damaged,9.77
R002631,I00045287,2024-06-07,Damaged,40.29
R002632,I00045292,2025-04-27,Damaged,144.24
R002633,I00045294,2023-09-21,Changed mind,111.85
R002634,I00045317,2025-09-02,Not as expected,256.23
R002635,I00045383,2025-11-29,Late delivery,84.56
R002636,I00045410,2025-12-14,Not as expected,40.15
R002637,I00045419,2025-10-29,Not as expected,43.46
R002638,I00045423,2025-06-06,Wrong item,74.89
R002639,I00045424,2025-10-23,Not as expected,24.72
R002640,I00045425,2025-10-26,Changed mind,43.92
R002641,I00045426,2025-10-24,Damaged,92.98
R002642,I00045500,2025-02-14,Not as expected,66.53
R002643,I00045501,2025-01-27,Changed mind,15.94
R002644,I00045502,2025-02-19,Damaged,30.43
R002645,I00045539,2025-12-31,Not as expected,83.66
R002646,I00045556,2023-11-29,Damaged,24.87
R002647,I00045560,2025-03-01,Damaged,45.51
R002648,I00045562,2025-08-29,Changed mind,71.22
R002649,I00045649,2025-01-31,Not as expected,42.86
R002650,I00045698,2025-04-26,Damaged,27.98
R002651,I00045740,2025-06-10,Late delivery,55.39
R002652,I00045747,2025-12-31,Damaged,63.59
R002653,I00045789,2024-12-28,Changed mind,200.36
R002654,I00045799,2024-01-27,Not as expected,65.06
R002655,I00045823,2023-07-03,Late delivery,164.83
R002656,I00045824,2023-07-13,Late delivery,21.09
R002657,I00045828,2024-10-11,Not as expected,42.33
R002658,I00045834,2025-12-26,Late delivery,71.32
R002659,I00045835,2025-11-30,Not as expected,20.23
R002660,I00045861,2023-12-13,Changed mind,125.4
R002661,I00045903,2025-12-31,Late delivery,26.91
R002662,I00045904,2025-12-31,Changed mind,160.27
R002663,I00045909,2025-01-31,Wrong item,96.16
R002664,I00045980,2025-10-23,Wrong item,25.95
R002665,I00046004,2024-01-06,Not as expected,51.27
R002666,I00046005,2024-01-11,Not as expected,31.13
R002667,I00046023,2025-10-05,Changed mind,22.09
R002668,I00046024,2025-09-09,Late delivery,94.58
R002669,I00046030,2025-11-11,Not as expected,51.81
R002670,I00046031,2025-11-10,Changed mind,144.42
R002671,I00046032,2025-11-10,Changed mind,23.64
R002672,I00046033,2025-11-16,Changed mind,17.42
R002673,I00046065,2025-12-31,Not as expected,41.33
R002674,I00046068,2025-12-09,Late delivery,21.56
R002675,I00046073,2025-03-20,Damaged,197.33
R002676,I00046074,2025-03-27,Changed mind,20.31
R002677,I00046136,2025-11-30,Not as expected,101.52
R002678,I00046164,2025-12-18,Not as expected,81.31
R002679,I00046185,2025-10-18,Not as expected,107.77
R002680,I00046280,2025-12-31,Damaged,18.73
R002681,I00046312,2025-06-05,Wrong item,181.64
R002682,I00046318,2024-12-10,Changed mind,40.08
R002683,I00046319,2025-07-03,Changed mind,12.11
R002684,I00046331,2025-12-15,Not as expected,11.25
R002685,I00046333,2025-12-15,Late delivery,425.62
R002686,I00046338,2025-12-31,Changed mind,20.95
R002687,I00046345,2025-08-02,Damaged,33.79
R002688,I00046358,2024-08-26,Damaged,21.64
R002689,I00046387,2025-09-05,Not as expected,20.26
R002690,I00046399,2025-08-19,Late delivery,25.44
R002691,I00046400,2025-08-28,Not as expected,90.61
R002692,I00046401,2025-08-30,Changed mind,23.16
R002693,I00046426,2025-04-09,Changed mind,75.24
R002694,I00046504,2025-06-30,Late delivery,15.73
R002695,I00046520,2025-05-11,Damaged,56.78
R002696,I00046541,2023-08-22,Changed mind,23.76
R002697,I00046615,2025-09-28,Not as expected,12.93
R002698,I00046616,2025-09-12,Changed mind,130.61
R002699,I00046617,2025-04-08,Damaged,73.12
R002700,I00046623,2023-09-18,Late delivery,9.71
R002701,I00046680,2025-12-17,Wrong item,80.32
R002702,I00046732,2025-03-03,Wrong item,13.5
R002703,I00046743,2025-10-30,Changed mind,16.95
R002704,I00046811,2025-01-20,Damaged,40.64
R002705,I00046819,2025-11-28,Late delivery,23.07
R002706,I00046858,2025-11-20,Late delivery,118.22
R002707,I00046879,2025-08-20,Late delivery,71.18
R002708,I00046952,2025-01-01,Not as expected,20.41
R002709,I00046960,2025-06-30,Not as expected,14.5
R002710,I00046975,2025-11-12,Damaged,60.77
R002711,I00046976,2025-11-12,Changed mind,47.17
R002712,I00046995,2025-01-22,Wrong item,39.1
R002713,I00046996,2025-01-20,Changed mind,114.83
R002714,I00046997,2025-01-06,Not as expected,32.68
R002715,I00047001,2025-12-19,Damaged,22.57
R002716,I00047002,2025-12-21,Changed mind,28.58
R002717,I00047012,2025-01-31,Damaged,11.68
R002718,I00047064,2023-06-16,Changed mind,21.22
R002719,I00047090,2025-12-02,Not as expected,24.1
R002720,I00047091,2025-11-17,Changed mind,16.49
R002721,I00047092,2025-12-10,Not as expected,76.86
R002722,I00047122,2025-08-22,Changed mind,22.86
R002723,I00047123,2025-08-18,Late delivery,37.7
R002724,I00047124,2025-09-10,Not as expected,75.78
R002725,I00047176,2025-12-22,Not as expected,74.1
R002726,I00047177,2025-12-18,Damaged,73.62
R002727,I00047178,2025-12-18,Not as expected,20.29
R002728,I00047183,2024-05-25,Not as expected,69.01
R002729,I00047193,2025-06-06,Changed mind,40.83
R002730,I00047234,2025-08-02,Wrong item,46.06
R002731,I00047235,2025-08-01,Changed mind,10.95
R002732,I00047253,2025-11-25,Wrong item,56.31
R002733,I00047260,2024-11-29,Changed mind,34.14
R002734,I00047261,2024-11-26,Late delivery,17.91
R002735,I00047262,2024-11-12,Changed mind,24.01
R002736,I00047263,2024-11-17,Late delivery,47.3
R002737,I00047277,2025-12-31,Not as expected,10.33
R002738,I00047278,2025-12-04,Changed mind,88.79
R002739,I00047286,2025-11-02,Damaged,19.23
R002740,I00047332,2025-10-18,Not as expected,29.23
R002741,I00047394,2024-04-01,Not as expected,34.37
R002742,I00047415,2025-01-03,Not as expected,116.55
R002743,I00047457,2023-12-28,Damaged,17.27
R002744,I00047539,2025-06-18,Changed mind,11.35
R002745,I00047559,2024-06-01,Damaged,71.12
R002746,I00047560,2024-06-05,Damaged,60.22
R002747,I00047563,2025-09-01,Changed mind,50.15
R002748,I00047602,2024-02-17,Not as expected,21.97
R002749,I00047605,2025-12-27,Changed mind,24.39
R002750,I00047666,2025-03-27,Late delivery,70.85
R002751,I00047699,2024-01-11,Changed mind,63.35
R002752,I00047700,2024-01-07,Damaged,42.03
R002753,I00047708,2025-12-30,Not as expected,17.52
R002754,I00047709,2025-12-11,Not as expected,27.49
R002755,I00047718,2025-12-31,Not as expected,29.93
R002756,I00047719,2025-12-31,Not as expected,24.59
R002757,I00047765,2025-12-31,Changed mind,26.53
R002758,I00047766,2025-12-31,Changed mind,46.43
R002759,I00047767,2025-12-31,Changed mind,383.3
R002760,I00047775,2024-01-29,Not as expected,82.79
R002761,I00047776,2024-02-15,Not as expected,23.27
R002762,I00047777,2024-01-24,Changed mind,20.97
R002763,I00047778,2024-02-12,Late delivery,27.42
R002764,I00047779,2024-02-05,Changed mind,20.9
R002765,I00047830,2025-11-26,Not as expected,86.07
R002766,I00047845,2024-04-23,Not as expected,72.18
R002767,I00047873,2024-12-12,Wrong item,22.66
R002768,I00047893,2025-05-31,Changed mind,19.22
R002769,I00047894,2025-05-08,Changed mind,88.11
R002770,I00047916,2025-05-14,Damaged,40.02
R002771,I00047917,2025-05-15,Damaged,28.65
R002772,I00047948,2024-11-02,Not as expected,117.02
R002773,I00047994,2025-11-19,Wrong item,13.56
R002774,I00048015,2025-11-29,Changed mind,119.56
R002775,I00048039,2025-05-21,Not as expected,124.97
R002776,I00048040,2025-05-29,Changed mind,59.37
R002777,I00048041,2025-05-07,Damaged,33.33
R002778,I00048067,2025-04-14,Changed mind,80.3
R002779,I00048089,2025-06-18,Late delivery,41.08
R002780,I00048090,2025-06-22,Changed mind,58.87
R002781,I00048102,2025-11-24,Damaged,21.69
R002782,I00048104,2025-11-30,Not as expected,100.22
R002783,I00048132,2025-12-25,Not as expected,45.86
R002784,I00048150,2024-01-23,Not as expected,21.38
R002785,I00048151,2025-07-17,Damaged,10.61
R002786,I00048152,2025-08-09,Not as expected,89.0
R002787,I00048153,2025-07-25,Not as expected,28.7
R002788,I00048155,2025-11-13,Not as expected,95.49
R002789,I00048156,2025-11-28,Damaged,31.85
R002790,I00048157,2025-12-01,Not as expected,57.35
R002791,I00048158,2025-11-30,Not as expected,213.0
R002792,I00048194,2023-12-16,Not as expected,21.04
R002793,I00048201,2025-12-31,Changed mind,106.22
R002794,I00048202,2025-12-31,Late delivery,46.9
R002795,I00048203,2025-12-31,Changed mind,20.23
R002796,I00048204,2025-12-31,Changed mind,212.31
R002797,I00048258,2025-07-04,Changed mind,16.37
R002798,I00048259,2025-08-06,Wrong item,107.49
R002799,I00048260,2025-08-06,Changed mind,53.11
R002800,I00048265,2024-12-09,Late delivery,41.19
R002801,I00048267,2025-10-07,Late delivery,66.88
R002802,I00048277,2025-12-31,Changed mind,21.13
R002803,I00048284,2025-10-22,Late delivery,393.0
R002804,I00048285,2025-11-05,Wrong item,53.72
R002805,I00048288,2025-12-31,Wrong item,17.25
R002806,I00048289,2025-12-27,Not as expected,18.1
R002807,I00048294,2025-07-05,Damaged,74.75
R002808,I00048303,2025-08-06,Changed mind,21.8
R002809,I00048320,2023-08-16,Damaged,77.15
R002810,I00048401,2025-02-18,Wrong item,32.74
R002811,I00048444,2024-12-26,Damaged,12.31
R002812,I00048470,2025-11-06,Damaged,120.49
R002813,I00048471,2025-02-04,Changed mind,46.86
R002814,I00048519,2025-08-02,Changed mind,82.99
R002815,I00048523,2025-10-22,Changed mind,25.65
R002816,I00048528,2025-08-07,Changed mind,71.17
R002817,I00048529,2025-08-14,Wrong item,268.14
R002818,I00048556,2025-10-18,Damaged,76.03
R002819,I00048568,2024-12-02,Damaged,75.38
R002820,I00048632,2025-12-01,Not as expected,22.68
R002821,I00048649,2025-08-18,Late delivery,19.84
R002822,I00048664,2024-08-20,Changed mind,57.85
R002823,I00048693,2025-11-08,Changed mind,20.41
R002824,I00048775,2024-11-13,Not as expected,105.67
R002825,I00048839,2025-09-09,Late delivery,45.74
R002826,I00048854,2025-05-04,Late delivery,37.87
R002827,I00048872,2025-08-16,Not as expected,79.69
R002828,I00048928,2024-10-24,Not as expected,33.55
R002829,I00048948,2025-06-28,Not as expected,180.61
R002830,I00049003,2025-04-20,Not as expected,181.84
R002831,I00049010,2025-02-24,Changed mind,38.43
R002832,I00049095,2024-07-31,Not as expected,35.92
R002833,I00049108,2024-12-29,Late delivery,43.75
R002834,I00049113,2024-06-13,Not as expected,100.71
R002835,I00049114,2024-06-04,Not as expected,33.09
R002836,I00049119,2025-11-23,Changed mind,170.46
R002837,I00049120,2025-12-16,Not as expected,30.45
R002838,I00049121,2025-12-16,Late delivery,189.31
R002839,I00049182,2024-12-31,Changed mind,29.07
R002840,I00049210,2025-02-17,Late delivery,32.98
R002841,I00049212,2025-01-10,Changed mind,11.11
R002842,I00049244,2025-06-09,Damaged,50.96
R002843,I00049252,2025-08-18,Damaged,36.1
R002844,I00049253,2025-08-22,Damaged,16.47
R002845,I00049324,2025-04-15,Late delivery,224.85
R002846,I00049346,2025-10-21,Late delivery,69.96
R002847,I00049347,2025-11-08,Late delivery,12.86
R002848,I00049359,2025-12-28,Changed mind,15.5
R002849,I00049362,2025-09-04,Changed mind,103.01
R002850,I00049419,2025-10-13,Changed mind,96.18
R002851,I00049420,2025-09-30,Wrong item,22.78
R002852,I00049421,2025-09-20,Wrong item,61.42
R002853,I00049422,2025-10-07,Damaged,13.93
R002854,I00049480,2024-11-13,Changed mind,109.38
R002855,I00049481,2025-02-15,Changed mind,195.61
R002856,I00049482,2025-03-12,Not as expected,37.95
R002857,I00049497,2025-11-20,Late delivery,23.56
R002858,I00049505,2024-07-03,Changed mind,30.79
R002859,I00049514,2024-05-24,Not as expected,43.04
R002860,I00049559,2024-03-31,Damaged,25.29
R002861,I00049560,2024-03-15,Changed mind,18.44
R002862,I00049565,2025-11-08,Not as expected,35.53
R002863,I00049614,2024-12-26,Not as expected,39.97
R002864,I00049615,2024-12-18,Changed mind,28.97
R002865,I00049616,2024-12-23,Changed mind,57.47
R002866,I00049629,2025-03-09,Changed mind,61.92
R002867,I00049634,2023-06-19,Not as expected,118.41
R002868,I00049658,2025-06-23,Wrong item,25.0
R002869,I00049690,2025-12-31,Wrong item,51.76
R002870,I00049691,2025-12-31,Late delivery,18.34
R002871,I00049692,2025-12-29,Late delivery,57.36
R002872,I00049693,2025-12-31,Changed mind,23.24
R002873,I00049694,2025-12-31,Not as expected,39.53
R002874,I00049709,2025-11-11,Damaged,42.77
R002875,I00049761,2025-02-05,Damaged,112.48
R002876,I00049788,2025-08-13,Late delivery,105.85
R002877,I00049816,2025-12-09,Not as expected,23.53
R002878,I00049865,2025-09-15,Changed mind,107.81
R002879,I00049866,2025-09-15,Late delivery,21.87
R002880,I00049899,2025-02-03,Not as expected,53.05
R002881,I00049900,2025-02-12,Damaged,55.83
R002882,I00049922,2025-10-05,Damaged,15.42
R002883,I00049923,2025-10-02,Late delivery,128.78
R002884,I00049924,2025-10-08,Not as expected,10.96
R002885,I00049925,2025-10-16,Changed mind,20.73
R002886,I00049932,2025-12-31,Damaged,52.07
R002887,I00049988,2024-11-04,Not as expected,49.63
R002888,I00049990,2025-01-11,Damaged,35.2
R002889,I00049991,2025-01-10,Not as expected,76.73
R002890,I00049992,2025-01-09,Not as expected,21.0
R002891,I00050008,2025-11-02,Damaged,73.66
R002892,I00050011,2025-12-31,Damaged,41.45
R002893,I00050012,2025-12-17,Not as expected,18.92
R002894,I00050016,2024-09-22,Not as expected,217.49
R002895,I00050047,2024-09-07,Changed mind,43.84
R002896,I00050072,2025-03-26,Changed mind,58.12
R002897,I00050073,2025-09-10,Not as expected,22.16
R002898,I00050074,2025-03-08,Wrong item,31.76
R002899,I00050097,2025-12-12,Damaged,17.73
R002900,I00050098,2025-12-16,Late delivery,85.31
R002901,I00050117,2025-09-22,Changed mind,211.01
R002902,I00050118,2025-09-10,Changed mind,18.85
R002903,I00050126,2024-02-12,Wrong item,23.1
R002904,I00050139,2025-10-14,Changed mind,210.04
R002905,I00050140,2025-09-25,Damaged,96.76
R002906,I00050172,2025-12-07,Changed mind,27.99
R002907,I00050173,2025-12-01,Damaged,93.21
R002908,I00050174,2025-12-10,Late delivery,11.26
R002909,I00050175,2025-12-26,Not as expected,20.17
R002910,I00050208,2025-12-31,Changed mind,10.85
R002911,I00050209,2025-12-31,Changed mind,116.07
R002912,I00050214,2024-09-30,Changed mind,22.17
R002913,I00050237,2023-11-20,Damaged,203.44
R002914,I00050245,2025-11-17,Not as expected,70.2
R002915,I00050255,2024-12-23,Changed mind,23.35
R002916,I00050324,2025-10-20,Changed mind,14.83
R002917,I00050326,2025-05-12,Not as expected,43.01
R002918,I00050344,2024-09-21,Not as expected,18.05
R002919,I00050345,2024-10-06,Changed mind,216.83
R002920,I00050404,2025-09-02,Not as expected,19.97
R002921,I00050405,2025-09-08,Changed mind,60.9
R002922,I00050413,2025-12-31,Damaged,95.55
R002923,I00050421,2025-06-01,Late delivery,79.92
R002924,I00050447,2024-08-10,Not as expected,41.3
R002925,I00050491,2025-12-14,Not as expected,58.79
R002926,I00050497,2025-12-11,Not as expected,70.96
R002927,I00050498,2025-12-31,Changed mind,40.1
R002928,I00050499,2025-12-15,Changed mind,19.72
R002929,I00050516,2024-08-06,Not as expected,17.15
R002930,I00050517,2024-07-12,Changed mind,16.24
R002931,I00050533,2025-11-19,Not as expected,117.18
R002932,I00050534,2025-12-14,Late delivery,16.52
R002933,I00050535,2025-12-01,Damaged,58.57
R002934,I00050627,2025-10-25,Late delivery,55.13
R002935,I00050634,2024-02-07,Changed mind,21.02
R002936,I00050641,2025-12-31,Changed mind,13.93
R002937,I00050642,2025-12-31,Damaged,39.4
R002938,I00050667,2024-09-25,Wrong item,80.38
R002939,I00050673,2024-09-22,Changed mind,89.08
R002940,I00050703,2025-12-08,Changed mind,107.74
R002941,I00050704,2025-11-18,Not as expected,11.08
R002942,I00050705,2025-11-30,Damaged,14.0
R002943,I00050723,2024-07-20,Wrong item,30.16
R002944,I00050807,2025-07-10,Damaged,52.76
R002945,I00050885,2024-11-24,Wrong item,63.03
R002946,I00050928,2025-12-20,Damaged,19.94
R002947,I00050977,2025-02-27,Changed mind,11.12
R002948,I00050995,2025-04-22,Wrong item,15.67
R002949,I00050996,2025-04-06,Not as expected,76.33
R002950,I00051016,2024-12-07,Damaged,17.79
R002951,I00051022,2025-12-06,Not as expected,210.97
R002952,I00051053,2025-04-06,Not as expected,17.75
R002953,I00051054,2025-03-10,Changed mind,46.95
R002954,I00051068,2025-01-19,Not as expected,188.08
R002955,I00051069,2025-01-18,Changed mind,74.69
R002956,I00051095,2024-12-29,Late delivery,28.55
R002957,I00051130,2025-11-29,Not as expected,80.21
R002958,I00051176,2023-06-02,Damaged,140.78
R002959,I00051177,2023-05-14,Not as expected,23.41
R002960,I00051178,2023-05-17,Not as expected,45.39
R002961,I00051187,2025-10-28,Not as expected,70.35
R002962,I00051188,2025-11-11,Changed mind,20.91
R002963,I00051214,2025-06-23,Changed mind,46.22
R002964,I00051238,2025-01-02,Not as expected,38.62
R002965,I00051239,2024-12-27,Changed mind,22.36
R002966,I00051240,2024-12-13,Not as expected,102.12
R002967,I00051242,2025-12-25,Changed mind,84.09
R002968,I00051265,2025-12-31,Damaged,18.97
R002969,I00051268,2025-07-29,Not as expected,87.5
R002970,I00051269,2025-07-14,Changed mind,30.28
R002971,I00051273,2025-04-14,Wrong item,49.15
R002972,I00051343,2025-11-28,Not as expected,88.82
R002973,I00051344,2025-12-01,Changed mind,67.39
R002974,I00051395,2024-06-27,Changed mind,34.4
R002975,I00051426,2025-12-31,Changed mind,100.68
R002976,I00051427,2025-12-31,Late delivery,16.09
R002977,I00051459,2025-07-07,Changed mind,32.3
R002978,I00051460,2025-07-31,Not as expected,54.98
R002979,I00051483,2024-12-14,Changed mind,83.81
R002980,I00051484,2024-12-30,Not as expected,67.88
R002981,I00051492,2025-10-24,Not as expected,136.29
R002982,I00051501,2025-04-09,Changed mind,143.78
R002983,I00051502,2025-04-19,Late delivery,68.23
R002984,I00051579,2025-12-16,Changed mind,118.77
R002985,I00051630,2025-06-09,Wrong item,81.79
R002986,I00051675,2025-08-12,Changed mind,42.45
R002987,I00051676,2025-09-09,Late delivery,24.72
R002988,I00051677,2025-08-26,Changed mind,41.63
R002989,I00051695,2025-11-08,Wrong item,22.8
R002990,I00051747,2025-11-30,Not as expected,77.96
R002991,I00051748,2025-12-31,Wrong item,42.55
R002992,I00051749,2025-12-05,Late delivery,36.0
R002993,I00051750,2025-12-09,Changed mind,11.16
R002994,I00051751,2025-12-28,Changed mind,9.56
R002995,I00051830,2025-09-13,Changed mind,41.95
R002996,I00051831,2025-09-03,Not as expected,31.25
R002997,I00051832,2025-09-11,Not as expected,86.33
R002998,I00051846,2025-12-09,Changed mind,35.77
R002999,I00051947,2025-02-04,Not as expected,35.48
R003000,I00051957,2025-12-19,Changed mind,45.5
R003001,I00051982,2025-10-24,Changed mind,23.0
R003002,I00051983,2025-10-31,Not as expected,47.8
R003003,I00051984,2025-10-22,Wrong item,132.53
R003004,I00051985,2025-10-12,Not as expected,97.86
R003005,I00052031,2025-12-23,Changed mind,73.14
R003006,I00052092,2024-12-18,Changed mind,75.11
R003007,I00052101,2024-09-29,Damaged,37.53
R003008,I00052102,2024-09-05,Changed mind,78.58
R003009,I00052127,2025-04-05,Not as expected,21.07
R003010,I00052134,2025-09-18,Not as expected,31.59
R003011,I00052145,2025-07-14,Wrong item,65.02
R003012,I00052146,2025-07-11,Changed mind,47.31
R003013,I00052147,2025-07-09,Not as expected,34.65
R003014,I00052172,2025-07-05,Not as expected,87.79
R003015,I00052173,2025-07-24,Late delivery,22.24
R003016,I00052209,2024-12-14,Damaged,82.95
R003017,I00052210,2024-12-09,Damaged,11.7
R003018,I00052211,2024-12-05,Changed mind,65.18
R003019,I00052233,2025-12-31,Changed mind,46.26
R003020,I00052244,2025-12-27,Changed mind,50.91
R003021,I00052245,2025-12-22,Changed mind,99.4
R003022,I00052274,2024-03-26,Not as expected,54.89
R003023,I00052302,2024-11-29,Changed mind,64.87
R003024,I00052304,2025-10-24,Damaged,36.16
R003025,I00052317,2024-01-02,Changed mind,17.99
R003026,I00052336,2025-07-16,Damaged,188.74
R003027,I00052337,2025-07-02,Late delivery,25.45
R003028,I00052338,2025-07-13,Late delivery,101.81
R003029,I00052371,2025-07-25,Wrong item,41.76
R003030,I00052377,2023-06-13,Changed mind,115.77
R003031,I00052378,2023-06-16,Wrong item,31.94
R003032,I00052379,2023-05-23,Not as expected,79.78
R003033,I00052380,2023-06-19,Not as expected,48.41
R003034,I00052381,2023-06-17,Changed mind,16.22
R003035,I00052390,2025-02-04,Damaged,73.54
R003036,I00052528,2025-06-22,Damaged,36.86
R003037,I00052529,2025-06-12,Not as expected,95.17
R003038,I00052530,2025-06-11,Changed mind,17.4
R003039,I00052560,2025-12-13,Changed mind,40.88
R003040,I00052582,2023-12-27,Damaged,99.16
R003041,I00052583,2024-01-16,Not as expected,47.61
R003042,I00052608,2024-09-30,Not as expected,93.7
R003043,I00052660,2025-12-31,Not as expected,27.25
R003044,I00052661,2025-12-07,Wrong item,73.6
R003045,I00052700,2025-11-27,Damaged,51.29
R003046,I00052701,2025-11-30,Changed mind,11.61
R003047,I00052702,2025-11-11,Damaged,40.09
R003048,I00052703,2025-11-13,Damaged,22.75
R003049,I00052724,2025-11-15,Wrong item,35.25
R003050,I00052747,2025-05-03,Changed mind,41.62
R003051,I00052748,2025-12-07,Changed mind,86.51
R003052,I00052776,2024-04-12,Changed mind,19.6
R003053,I00052790,2025-05-26,Not as expected,20.62
R003054,I00052791,2025-05-10,Changed mind,24.58
R003055,I00052795,2025-11-05,Not as expected,32.05
R003056,I00052805,2024-07-10,Changed mind,228.6
R003057,I00052855,2025-09-01,Changed mind,90.43
R003058,I00052869,2025-01-15,Changed mind,27.75
R003059,I00052918,2024-05-18,Wrong item,45.3
R003060,I00052921,2025-01-08,Damaged,16.86
R003061,I00052994,2025-02-18,Wrong item,16.75
R003062,I00053004,2025-12-17,Changed mind,41.97
R003063,I00053023,2024-12-25,Damaged,99.97
R003064,I00053071,2025-12-27,Changed mind,112.73
R003065,I00053072,2025-12-31,Changed mind,46.35
R003066,I00053114,2023-12-16,Damaged,19.1
R003067,I00053148,2025-05-23,Not as expected,62.78
R003068,I00053168,2025-11-01,Not as expected,28.8
R003069,I00053174,2024-05-14,Not as expected,13.37
R003070,I00053207,2025-02-14,Late delivery,15.43
R003071,I00053208,2025-02-22,Changed mind,22.12
R003072,I00053229,2025-12-31,Not as expected,37.36
R003073,I00053230,2025-12-28,Changed mind,13.92
R003074,I00053233,2025-03-02,Changed mind,91.8
R003075,I00053253,2025-12-05,Damaged,56.63
R003076,I00053258,2024-10-31,Changed mind,133.31
R003077,I00053259,2024-10-16,Not as expected,94.89
R003078,I00053278,2025-12-19,Not as expected,50.48
R003079,I00053279,2025-11-26,Damaged,20.39
R003080,I00053299,2025-09-29,Not as expected,14.22
R003081,I00053348,2024-05-20,Late delivery,23.93
R003082,I00053420,2024-12-15,Not as expected,43.64
R003083,I00053437,2024-12-23,Wrong item,37.16
R003084,I00053445,2024-09-26,Damaged,90.39
R003085,I00053449,2025-09-23,Damaged,36.18
R003086,I00053458,2025-12-30,Not as expected,27.94
R003087,I00053464,2025-01-07,Changed mind,28.41
R003088,I00053465,2025-01-08,Not as expected,77.76
R003089,I00053466,2025-01-17,Changed mind,32.12
R003090,I00053467,2024-12-23,Damaged,18.71
R003091,I00053487,2024-08-26,Not as expected,58.81
R003092,I00053522,2025-12-31,Not as expected,32.95
R003093,I00053529,2023-12-11,Not as expected,14.69
R003094,I00053530,2023-12-11,Damaged,54.38
R003095,I00053536,2024-02-04,Late delivery,34.35
R003096,I00053545,2024-12-11,Changed mind,21.97
R003097,I00053546,2025-01-10,Changed mind,25.72
R003098,I00053564,2025-05-29,Late delivery,26.35
R003099,I00053574,2025-12-31,Damaged,26.34
R003100,I00053579,2025-11-14,Not as expected,52.69
R003101,I00053580,2025-11-15,Changed mind,17.61
R003102,I00053581,2025-11-05,Changed mind,54.02
R003103,I00053637,2025-12-31,Not as expected,50.75
R003104,I00053660,2024-08-22,Wrong item,73.77
R003105,I00053677,2025-08-04,Damaged,22.54
R003106,I00053680,2025-02-25,Changed mind,97.74
R003107,I00053681,2025-02-21,Wrong item,24.41
R003108,I00053682,2025-02-28,Not as expected,20.82
R003109,I00053709,2025-12-31,Changed mind,28.45
R003110,I00053724,2025-03-16,Not as expected,65.06
R003111,I00053788,2025-08-30,Not as expected,43.55
R003112,I00053789,2025-08-20,Not as expected,50.19
R003113,I00053803,2025-04-17,Changed mind,22.43
R003114,I00053880,2025-07-04,Wrong item,162.94
R003115,I00053889,2025-12-31,Changed mind,152.19
R003116,I00053890,2023-05-20,Changed mind,65.86
R003117,I00053892,2023-12-03,Changed mind,33.17
R003118,I00053898,2023-11-11,Changed mind,39.53
R003119,I00053929,2025-12-08,Late delivery,109.27
R003120,I00053952,2025-10-31,Changed mind,73.98
R003121,I00053953,2025-10-11,Late delivery,19.6
R003122,I00053956,2025-12-31,Changed mind,94.31
R003123,I00054004,2025-12-31,Changed mind,19.39
R003124,I00054071,2025-11-27,Wrong item,37.83
R003125,I00054072,2024-06-20,Damaged,83.67
R003126,I00054078,2025-08-25,Changed mind,48.47
R003127,I00054079,2025-08-18,Not as expected,16.88
R003128,I00054080,2025-08-24,Late delivery,38.67
R003129,I00054081,2025-08-07,Not as expected,37.6
R003130,I00054088,2025-04-13,Not as expected,95.8
R003131,I00054153,2025-12-25,Not as expected,44.16
R003132,I00054195,2025-09-03,Late delivery,44.37
R003133,I00054220,2024-11-17,Damaged,26.19
R003134,I00054221,2024-12-10,Not as expected,66.57
R003135,I00054222,2024-11-10,Changed mind,25.25
R003136,I00054223,2024-12-01,Not as expected,45.7
R003137,I00054232,2024-05-06,Changed mind,34.3
R003138,I00054234,2025-03-01,Changed mind,59.26
R003139,I00054235,2025-02-18,Damaged,58.83
R003140,I00054288,2025-04-02,Late delivery,46.25
R003141,I00054319,2025-05-04,Not as expected,28.03
R003142,I00054372,2025-01-09,Late delivery,26.39
R003143,I00054407,2025-09-15,Changed mind,17.6
R003144,I00054411,2025-03-27,Changed mind,25.75
R003145,I00054476,2023-05-19,Damaged,38.03
R003146,I00054497,2025-07-12,Late delivery,12.08
R003147,I00054500,2025-08-15,Late delivery,26.37
R003148,I00054501,2025-07-19,Wrong item,54.37
R003149,I00054516,2025-10-14,Wrong item,68.83
R003150,I00054517,2025-11-02,Damaged,102.42
R003151,I00054518,2025-10-05,Changed mind,66.04
R003152,I00054519,2025-10-18,Not as expected,84.61
R003153,I00054541,2025-08-08,Changed mind,54.92
R003154,I00054591,2025-09-04,Late delivery,63.09
R003155,I00054661,2025-04-05,Changed mind,80.72
R003156,I00054667,2024-11-30,Late delivery,14.06
R003157,I00054680,2025-09-15,Not as expected,23.84
R003158,I00054683,2025-10-15,Changed mind,36.02
R003159,I00054684,2025-09-25,Changed mind,22.18
R003160,I00054702,2025-12-31,Damaged,23.77
R003161,I00054743,2024-04-30,Changed mind,68.41
R003162,I00054823,2024-10-14,Damaged,14.13
R003163,I00054854,2025-10-14,Wrong item,14.51
R003164,I00054898,2025-11-10,Changed mind,25.44
R003165,I00054929,2025-11-29,Changed mind,180.41
R003166,I00054930,2025-11-27,Damaged,17.15
R003167,I00054936,2025-06-12,Late delivery,64.22
R003168,I00054943,2025-08-24,Changed mind,18.88
R003169,I00054967,2025-11-22,Changed mind,85.95
R003170,I00054990,2025-10-06,Not as expected,21.76
R003171,I00055123,2025-11-28,Changed mind,37.87
R003172,I00055124,2025-12-17,Changed mind,21.19
R003173,I00055133,2025-09-28,Damaged,30.47
R003174,I00055153,2024-09-04,Late delivery,98.69
R003175,I00055180,2025-10-24,Wrong item,32.75
R003176,I00055181,2025-11-04,Changed mind,46.32
R003177,I00055182,2025-11-09,Late delivery,42.44
R003178,I00055218,2025-11-26,Not as expected,18.01
R003179,I00055222,2025-09-19,Changed mind,19.38
R003180,I00055270,2025-12-27,Late delivery,28.17
R003181,I00055318,2025-02-19,Not as expected,43.06
R003182,I00055339,2025-12-31,Changed mind,13.51
R003183,I00055382,2025-12-31,Changed mind,11.99
R003184,I00055403,2025-11-26,Late delivery,23.19
R003185,I00055404,2025-11-30,Late delivery,56.86
R003186,I00055413,2024-08-26,Damaged,110.56
R003187,I00055437,2024-08-30,Not as expected,18.97
R003188,I00055480,2025-08-26,Late delivery,26.47
R003189,I00055500,2025-12-26,Wrong item,147.22
R003190,I00055533,2025-12-31,Late delivery,79.55
R003191,I00055535,2025-11-09,Damaged,187.27
R003192,I00055536,2025-11-22,Late delivery,84.63
R003193,I00055565,2025-12-31,Changed mind,73.42
R003194,I00055567,2025-05-14,Late delivery,22.0
R003195,I00055575,2025-11-12,Changed mind,102.86
R003196,I00055592,2023-12-23,Wrong item,27.04
R003197,I00055614,2025-01-15,Late delivery,86.14
R003198,I00055623,2024-12-24,Damaged,68.99
R003199,I00055645,2025-12-07,Late delivery,17.73
R003200,I00055650,2025-06-12,Not as expected,9.15
R003201,I00055678,2024-10-22,Changed mind,43.29
R003202,I00055716,2025-07-22,Not as expected,73.7
R003203,I00055721,2025-04-19,Not as expected,63.81
R003204,I00055790,2025-12-18,Wrong item,25.94
R003205,I00055830,2025-02-21,Late delivery,180.04
R003206,I00055831,2025-03-10,Not as expected,21.63
R003207,I00055839,2025-02-25,Changed mind,14.86
R003208,I00055847,2025-12-27,Changed mind,15.7
R003209,I00055875,2025-11-30,Not as expected,47.55
R003210,I00055922,2025-10-07,Damaged,19.59
R003211,I00055939,2025-11-04,Damaged,35.69
R003212,I00055945,2023-12-23,Not as expected,50.23
R003213,I00055954,2025-12-25,Changed mind,23.69
R003214,I00055979,2025-08-10,Changed mind,69.76
R003215,I00055989,2025-12-31,Not as expected,22.99
R003216,I00055991,2025-12-31,Damaged,38.06
R003217,I00055992,2025-12-31,Wrong item,16.51
R003218,I00055996,2025-07-20,Changed mind,24.11
R003219,I00056075,2025-05-21,Damaged,15.35
R003220,I00056142,2025-05-22,Damaged,85.13
R003221,I00056189,2025-12-20,Wrong item,27.17
R003222,I00056227,2025-01-17,Damaged,28.78
R003223,I00056228,2025-02-12,Changed mind,8.74
R003224,I00056241,2025-12-25,Damaged,36.28
R003225,I00056253,2025-08-14,Late delivery,12.92
R003226,I00056254,2025-08-11,Changed mind,25.42
R003227,I00056255,2025-08-08,Changed mind,43.38
R003228,I00056289,2024-01-20,Damaged,73.68
R003229,I00056290,2024-02-02,Changed mind,103.72
R003230,I00056294,2025-06-12,Not as expected,14.04
R003231,I00056314,2025-12-31,Changed mind,38.95
R003232,I00056315,2025-08-18,Not as expected,45.77
R003233,I00056316,2025-09-03,Not as expected,154.75
R003234,I00056317,2024-05-28,Changed mind,120.46
R003235,I00056318,2024-06-05,Not as expected,71.71
R003236,I00056319,2024-05-24,Late delivery,22.27
R003237,I00056320,2024-06-04,Wrong item,16.72
R003238,I00056355,2024-07-26,Damaged,98.95
R003239,I00056406,2025-05-16,Damaged,71.84
R003240,I00056412,2025-12-19,Damaged,21.56
R003241,I00056436,2024-10-04,Not as expected,39.58
R003242,I00056437,2024-10-16,Changed mind,66.03
R003243,I00056438,2024-09-21,Not as expected,112.63
R003244,I00056440,2025-12-31,Damaged,8.42
R003245,I00056487,2025-12-10,Wrong item,26.61
R003246,I00056488,2025-12-07,Late delivery,81.05
R003247,I00056489,2025-12-02,Changed mind,41.68
R003248,I00056490,2025-11-28,Not as expected,25.83
R003249,I00056491,2025-12-30,Not as expected,19.36
R003250,I00056506,2025-12-31,Late delivery,19.93
R003251,I00056507,2025-12-23,Not as expected,17.05
R003252,I00056508,2025-12-23,Changed mind,175.34
R003253,I00056534,2025-12-31,Changed mind,58.51
R003254,I00056537,2024-12-30,Changed mind,14.09
R003255,I00056542,2025-02-24,Changed mind,23.68
R003256,I00056567,2025-02-17,Not as expected,190.75
R003257,I00056568,2025-03-09,Wrong item,145.59
R003258,I00056586,2025-12-31,Changed mind,58.13
R003259,I00056620,2025-09-01,Changed mind,123.72
R003260,I00056621,2025-09-11,Not as expected,88.9
R003261,I00056622,2025-09-05,Late delivery,58.99
R003262,I00056623,2025-08-31,Changed mind,20.71
R003263,I00056650,2025-06-28,Not as expected,11.45
R003264,I00056655,2023-12-07,Not as expected,35.44
R003265,I00056676,2025-12-04,Changed mind,35.33
R003266,I00056681,2025-12-08,Not as expected,37.27
R003267,I00056682,2025-11-29,Changed mind,43.3
R003268,I00056702,2025-10-08,Not as expected,22.73
R003269,I00056703,2025-10-15,Changed mind,54.09
R003270,I00056704,2025-11-19,Not as expected,18.48
R003271,I00056705,2025-11-15,Changed mind,30.35
R003272,I00056711,2024-12-13,Not as expected,64.98
R003273,I00056712,2024-12-15,Not as expected,16.55
R003274,I00056714,2024-12-05,Not as expected,21.98
R003275,I00056723,2024-12-09,Wrong item,27.11
R003276,I00056724,2024-11-24,Not as expected,32.12
R003277,I00056783,2025-12-31,Not as expected,17.08
R003278,I00056784,2025-12-31,Not as expected,32.07
R003279,I00056787,2025-03-21,Late delivery,32.51
R003280,I00056819,2024-04-30,Changed mind,113.61
R003281,I00056826,2024-10-20,Changed mind,27.71
R003282,I00056827,2024-11-02,Not as expected,379.54
R003283,I00056828,2024-11-15,Changed mind,76.95
R003284,I00056829,2024-10-16,Changed mind,96.17
R003285,I00056830,2024-11-08,Changed mind,45.57
R003286,I00056837,2025-10-16,Not as expected,33.05
R003287,I00056838,2025-11-12,Late delivery,40.98
R003288,I00056839,2025-11-11,Damaged,97.41
R003289,I00056850,2025-11-19,Late delivery,60.32
R003290,I00056854,2025-07-18,Late delivery,113.09
R003291,I00056863,2025-12-18,Not as expected,72.27
R003292,I00056899,2025-11-12,Damaged,55.35
R003293,I00056906,2025-12-27,Not as expected,27.1
R003294,I00056918,2023-10-20,Damaged,126.72
R003295,I00056952,2024-07-07,Changed mind,35.96
R003296,I00056963,2024-12-07,Damaged,63.1
R003297,I00056992,2025-10-08,Changed mind,13.85
R003298,I00056993,2025-10-23,Late delivery,18.78
R003299,I00056999,2025-09-28,Late delivery,18.78
R003300,I00057000,2025-09-22,Changed mind,32.06
R003301,I00057001,2025-10-06,Not as expected,55.4
R003302,I00057002,2025-07-13,Not as expected,20.6
R003303,I00057038,2025-12-20,Wrong item,16.56
R003304,I00057039,2025-12-29,Changed mind,14.38
R003305,I00057090,2024-11-30,Changed mind,29.35
R003306,I00057110,2025-06-22,Wrong item,20.08
R003307,I00057111,2025-07-16,Not as expected,80.75
R003308,I00057130,2024-05-16,Not as expected,18.17
R003309,I00057132,2024-05-25,Changed mind,32.37
R003310,I00057202,2025-12-31,Changed mind,96.93
R003311,I00057206,2025-12-31,Damaged,70.22
R003312,I00057278,2025-12-04,Late delivery,83.71
R003313,I00057311,2025-12-31,Changed mind,57.67
R003314,I00057312,2025-12-31,Late delivery,33.94
R003315,I00057313,2025-12-31,Changed mind,197.75
R003316,I00057325,2025-11-15,Not as expected,76.34
R003317,I00057326,2025-11-21,Late delivery,41.56
R003318,I00057347,2025-12-21,Wrong item,26.74
R003319,I00057419,2025-07-12,Damaged,53.17
R003320,I00057446,2025-11-19,Late delivery,37.75
R003321,I00057447,2025-11-12,Changed mind,55.41
R003322,I00057468,2025-06-20,Not as expected,63.96
R003323,I00057469,2025-10-10,Damaged,18.58
R003324,I00057470,2025-10-01,Damaged,50.95
R003325,I00057485,2025-10-16,Wrong item,163.42
R003326,I00057512,2024-06-28,Late delivery,40.16
R003327,I00057513,2024-07-05,Not as expected,21.26
R003328,I00057514,2024-07-19,Changed mind,48.98
R003329,I00057541,2025-12-06,Wrong item,54.06
R003330,I00057561,2025-11-23,Not as expected,52.96
R003331,I00057562,2025-11-18,Not as expected,22.63
R003332,I00057563,2025-12-09,Wrong item,114.48
R003333,I00057565,2024-11-27,Changed mind,29.87
R003334,I00057603,2025-11-21,Wrong item,15.55
R003335,I00057627,2024-12-17,Late delivery,42.25
R003336,I00057687,2025-12-11,Damaged,20.92
R003337,I00057691,2025-05-09,Not as expected,244.91
R003338,I00057692,2025-05-17,Not as expected,60.1
R003339,I00057709,2024-07-20,Late delivery,83.5
R003340,I00057710,2025-09-12,Not as expected,160.29
R003341,I00057725,2025-07-27,Damaged,51.52
R003342,I00057740,2025-07-27,Not as expected,82.43
R003343,I00057773,2025-12-31,Not as expected,47.68
R003344,I00057774,2025-12-31,Late delivery,81.53
R003345,I00057800,2025-07-21,Changed mind,168.6
R003346,I00057833,2025-10-03,Changed mind,15.31
R003347,I00057847,2025-12-24,Changed mind,28.85
R003348,I00057941,2025-12-31,Wrong item,20.17
R003349,I00057967,2024-07-17,Wrong item,38.39
R003350,I00057972,2024-02-01,Wrong item,69.49
R003351,I00057973,2024-02-07,Not as expected,22.79
R003352,I00057974,2024-01-26,Not as expected,96.52
R003353,I00058025,2025-02-20,Not as expected,14.07
R003354,I00058026,2025-02-25,Not as expected,47.0
R003355,I00058028,2025-07-13,Not as expected,21.76
R003356,I00058029,2025-06-22,Changed mind,71.92
R003357,I00058030,2025-06-21,Wrong item,48.07
R003358,I00058051,2025-06-09,Changed mind,40.13
R003359,I00058052,2025-06-05,Not as expected,57.41
R003360,I00058061,2024-09-07,Changed mind,23.55
R003361,I00058087,2023-12-15,Not as expected,72.05
R003362,I00058108,2023-11-06,Not as expected,79.09
R003363,I00058112,2025-12-31,Changed mind,22.31
R003364,I00058113,2025-12-24,Changed mind,14.11
R003365,I00058151,2025-06-23,Wrong item,87.22
R003366,I00058213,2025-12-06,Not as expected,190.44
R003367,I00058216,2023-03-07,Damaged,68.42
R003368,I00058217,2023-03-23,Damaged,25.61
R003369,I00058219,2025-12-28,Damaged,33.65
R003370,I00058232,2025-06-14,Damaged,36.38
R003371,I00058308,2025-03-14,Wrong item,68.01
R003372,I00058332,2024-07-04,Not as expected,38.59
R003373,I00058349,2023-12-23,Changed mind,36.21
R003374,I00058354,2025-12-31,Wrong item,41.09
R003375,I00058413,2025-12-29,Damaged,91.53
R003376,I00058414,2025-12-31,Changed mind,9.5
R003377,I00058423,2025-02-06,Changed mind,167.67
R003378,I00058424,2025-11-29,Not as expected,26.14
R003379,I00058429,2025-12-08,Changed mind,15.76
R003380,I00058462,2025-11-21,Wrong item,57.54
R003381,I00058463,2025-11-12,Not as expected,47.64
R003382,I00058464,2025-12-17,Changed mind,20.68
R003383,I00058465,2025-12-09,Changed mind,85.85
R003384,I00058506,2025-12-18,Not as expected,49.72
R003385,I00058507,2025-12-31,Damaged,10.16
R003386,I00058520,2025-04-28,Changed mind,92.93
R003387,I00058552,2025-07-30,Damaged,155.89
R003388,I00058553,2025-11-04,Wrong item,24.8
R003389,I00058569,2024-04-11,Not as expected,40.01
R003390,I00058570,2025-08-24,Changed mind,93.81
R003391,I00058571,2025-08-03,Not as expected,174.7
R003392,I00058575,2024-09-01,Late delivery,34.06
R003393,I00058576,2024-09-10,Changed mind,89.2
R003394,I00058584,2025-11-04,Damaged,177.4
R003395,I00058585,2025-10-22,Wrong item,158.44
R003396,I00058586,2025-11-08,Changed mind,43.53
R003397,I00058587,2025-10-19,Changed mind,34.56
R003398,I00058633,2025-11-13,Not as expected,17.06
R003399,I00058662,2025-12-05,Changed mind,14.04
R003400,I00058722,2025-11-29,Changed mind,18.99
R003401,I00058727,2025-07-30,Damaged,33.05
R003402,I00058728,2025-07-17,Not as expected,45.49
R003403,I00058729,2025-07-13,Damaged,97.47
R003404,I00058730,2025-07-15,Not as expected,29.37
R003405,I00058858,2025-07-13,Damaged,71.89
R003406,I00058859,2025-12-31,Changed mind,19.88
R003407,I00058880,2025-11-06,Not as expected,29.56
R003408,I00058903,2025-07-08,Damaged,31.34
R003409,I00058941,2025-04-09,Late delivery,40.15
R003410,I00058952,2025-10-27,Damaged,46.65
R003411,I00058957,2025-12-29,Changed mind,90.25
R003412,I00058978,2024-08-18,Not as expected,128.39
R003413,I00058984,2023-12-22,Not as expected,66.4
R003414,I00058985,2023-12-16,Damaged,65.6
R003415,I00058986,2024-01-11,Changed mind,14.8
R003416,I00058987,2023-12-29,Wrong item,28.77
R003417,I00058988,2023-12-21,Not as expected,36.66
R003418,I00058989,2025-12-14,Changed mind,10.28
R003419,I00058990,2025-12-11,Changed mind,90.75
R003420,I00058993,2025-12-31,Changed mind,71.57
R003421,I00059026,2025-11-17,Damaged,30.95
R003422,I00059027,2025-11-21,Not as expected,352.39
R003423,I00059028,2025-11-30,Not as expected,157.82
R003424,I00059076,2024-10-19,Changed mind,14.01
R003425,I00059077,2024-10-25,Not as expected,26.99
R003426,I00059078,2024-11-20,Changed mind,69.06
R003427,I00059092,2025-06-21,Not as expected,148.77
R003428,I00059093,2025-06-24,Late delivery,28.55
R003429,I00059094,2025-06-27,Not as expected,130.72
R003430,I00059110,2024-08-09,Changed mind,143.0
R003431,I00059111,2024-08-15,Damaged,452.59
R003432,I00059112,2024-08-10,Late delivery,111.19
R003433,I00059141,2025-03-28,Late delivery,98.43
R003434,I00059184,2023-08-05,Changed mind,110.27
R003435,I00059195,2024-07-10,Changed mind,18.25
R003436,I00059278,2025-12-26,Late delivery,30.28
R003437,I00059284,2025-12-26,Changed mind,12.0
R003438,I00059285,2025-12-31,Not as expected,33.62
R003439,I00059305,2025-10-20,Changed mind,18.47
R003440,I00059307,2025-05-21,Changed mind,44.62
R003441,I00059335,2025-09-30,Changed mind,199.37
R003442,I00059350,2025-12-31,Late delivery,20.79
R003443,I00059351,2025-12-21,Changed mind,20.05
R003444,I00059372,2025-12-31,Damaged,37.02
R003445,I00059373,2025-12-31,Damaged,48.1
R003446,I00059374,2025-12-31,Not as expected,40.94
R003447,I00059375,2025-12-21,Not as expected,14.81
R003448,I00059391,2023-08-07,Late delivery,16.77
R003449,I00059440,2025-06-06,Changed mind,16.16
R003450,I00059441,2025-05-20,Damaged,35.94
R003451,I00059478,2025-12-21,Late delivery,10.16
R003452,I00059483,2024-07-09,Not as expected,14.96
R003453,I00059493,2024-11-02,Late delivery,31.72
R003454,I00059509,2025-01-09,Changed mind,84.57
R003455,I00059510,2025-01-17,Damaged,20.12
R003456,I00059511,2025-01-17,Changed mind,18.36
R003457,I00059524,2023-11-16,Not as expected,38.75
R003458,I00059526,2025-03-31,Changed mind,20.99
R003459,I00059527,2025-03-21,Not as expected,21.36
R003460,I00059528,2025-03-14,Changed mind,222.4
R003461,I00059564,2024-12-25,Late delivery,401.29
R003462,I00059600,2024-11-13,Changed mind,18.76
R003463,I00059601,2024-10-19,Late delivery,20.36
R003464,I00059602,2024-11-17,Late delivery,111.73
R003465,I00059612,2025-08-17,Not as expected,41.18
R003466,I00059613,2025-07-27,Not as expected,60.89
R003467,I00059627,2024-07-28,Damaged,21.64
R003468,I00059628,2024-07-31,Changed mind,57.93
R003469,I00059629,2024-08-12,Not as expected,80.5
R003470,I00059630,2024-08-14,Changed mind,25.29
R003471,I00059651,2024-12-08,Changed mind,11.83
R003472,I00059652,2025-09-11,Late delivery,75.66
R003473,I00059653,2025-08-27,Not as expected,17.16
R003474,I00059692,2024-10-16,Changed mind,17.31
R003475,I00059693,2024-10-13,Not as expected,26.23
R003476,I00059701,2025-12-31,Damaged,74.04
R003477,I00059704,2024-11-15,Damaged,52.32
R003478,I00059728,2025-11-16,Late delivery,225.41
R003479,I00059752,2025-11-24,Wrong item,63.49
R003480,I00059769,2025-11-03,Changed mind,119.1
R003481,I00059812,2025-12-31,Damaged,45.14
R003482,I00059813,2025-12-31,Changed mind,78.38
R003483,I00059823,2025-11-24,Not as expected,113.34
R003484,I00059836,2025-11-26,Changed mind,77.31
R003485,I00059904,2025-11-18,Changed mind,69.32
R003486,I00059905,2025-12-06,Changed mind,19.54
R003487,I00059906,2025-11-17,Damaged,60.94
R003488,I00059907,2025-12-16,Changed mind,185.03
R003489,I00059922,2025-01-02,Changed mind,49.33
R003490,I00059929,2025-10-03,Not as expected,133.37
R003491,I00059944,2025-12-31,Late delivery,85.01
R003492,I00059945,2025-12-31,Changed mind,18.78
R003493,I00059977,2025-12-01,Changed mind,70.29
R003494,I00060019,2023-11-22,Changed mind,50.52
R003495,I00060095,2025-11-28,Wrong item,86.81
R003496,I00060127,2025-12-01,Not as expected,71.46
R003497,I00060145,2025-12-31,Late delivery,71.31
R003498,I00060157,2025-12-12,Damaged,133.63
R003499,I00060159,2025-03-30,Changed mind,71.74
R003500,I00060165,2025-04-19,Changed mind,13.82
R003501,I00060183,2025-11-03,Not as expected,43.98
R003502,I00060200,2024-05-05,Changed mind,15.34
R003503,I00060201,2025-11-01,Late delivery,30.5
R003504,I00060255,2024-07-24,Changed mind,47.87
R003505,I00060266,2024-10-20,Damaged,21.71
R003506,I00060267,2024-10-04,Not as expected,44.38
R003507,I00060281,2024-08-02,Changed mind,26.72
R003508,I00060295,2024-09-07,Damaged,338.51
R003509,I00060313,2025-04-02,Not as expected,15.11
R003510,I00060336,2025-03-22,Wrong item,20.33
R003511,I00060339,2025-12-15,Changed mind,43.67
R003512,I00060340,2025-12-11,Not as expected,81.44
R003513,I00060341,2025-11-24,Damaged,22.39
R003514,I00060342,2025-12-06,Wrong item,87.8
R003515,I00060369,2025-12-31,Not as expected,53.79
R003516,I00060370,2025-12-31,Damaged,22.49
R003517,I00060371,2025-12-30,Late delivery,21.47
R003518,I00060372,2025-12-31,Wrong item,102.42
R003519,I00060381,2025-08-13,Late delivery,11.39
R003520,I00060405,2025-12-31,Changed mind,21.09
R003521,I00060409,2023-12-02,Damaged,42.69
R003522,I00060414,2025-03-19,Changed mind,50.34
R003523,I00060415,2025-04-06,Not as expected,42.84
R003524,I00060439,2024-12-04,Late delivery,24.15
R003525,I00060456,2024-11-24,Not as expected,23.95
R003526,I00060496,2024-12-27,Damaged,10.01
R003527,I00060497,2025-01-04,Changed mind,72.21
R003528,I00060500,2025-06-26,Wrong item,7.91
R003529,I00060501,2025-07-08,Not as expected,19.74
R003530,I00060512,2024-12-26,Damaged,18.06
R003531,I00060513,2024-12-22,Changed mind,11.37
R003532,I00060514,2024-12-28,Not as expected,21.89
R003533,I00060515,2024-12-28,Not as expected,52.71
R003534,I00060516,2025-01-04,Wrong item,24.32
R003535,I00060532,2025-04-25,Wrong item,13.78
R003536,I00060533,2025-05-02,Wrong item,47.76
R003537,I00060534,2025-04-23,Not as expected,27.42
R003538,I00060535,2025-05-17,Changed mind,34.72
R003539,I00060536,2025-04-28,Damaged,73.21
R003540,I00060545,2023-12-26,Late delivery,174.86
R003541,I00060558,2025-05-19,Late delivery,14.46
R003542,I00060619,2025-11-04,Late delivery,17.68
R003543,I00060620,2025-11-23,Changed mind,24.67
R003544,I00060648,2025-12-30,Changed mind,80.48
R003545,I00060716,2025-11-27,Changed mind,16.88
R003546,I00060779,2025-05-25,Not as expected,49.82
R003547,I00060783,2025-01-25,Changed mind,24.23
R003548,I00060791,2025-10-09,Changed mind,203.13
R003549,I00060792,2025-09-15,Wrong item,92.13
R003550,I00060805,2025-07-26,Not as expected,73.75
R003551,I00060806,2025-08-03,Damaged,20.77
R003552,I00060807,2025-07-22,Late delivery,17.0
R003553,I00060835,2024-07-11,Damaged,30.12
R003554,I00060836,2024-07-23,Not as expected,33.7
R003555,I00060845,2025-12-31,Damaged,83.37
R003556,I00060865,2025-12-31,Damaged,44.22
R003557,I00060907,2025-05-31,Changed mind,16.54
R003558,I00060908,2025-05-31,Late delivery,46.78
R003559,I00060919,2025-06-14,Changed mind,77.72
R003560,I00060946,2025-05-01,Damaged,60.25
R003561,I00060947,2025-04-30,Not as expected,50.14
R003562,I00060948,2025-02-23,Not as expected,35.36
R003563,I00061012,2024-06-18,Changed mind,23.14
R003564,I00061034,2025-02-07,Damaged,168.4
R003565,I00061069,2025-12-31,Damaged,96.78
R003566,I00061072,2024-12-05,Changed mind,17.03
R003567,I00061073,2024-11-17,Not as expected,16.02
R003568,I00061102,2025-01-18,Not as expected,229.93
R003569,I00061110,2025-10-08,Late delivery,40.41
R003570,I00061116,2025-03-06,Late delivery,61.06
R003571,I00061117,2025-08-11,Changed mind,9.46
R003572,I00061118,2025-08-21,Not as expected,20.34
R003573,I00061147,2024-11-09,Not as expected,78.08
R003574,I00061148,2024-11-27,Late delivery,86.52
R003575,I00061161,2025-07-20,Wrong item,10.92
R003576,I00061170,2024-10-15,Changed mind,166.82
R003577,I00061173,2024-01-08,Changed mind,16.47
R003578,I00061177,2025-05-20,Not as expected,64.56
R003579,I00061179,2025-11-24,Damaged,42.53
R003580,I00061223,2025-08-22,Late delivery,11.47
R003581,I00061236,2023-11-16,Not as expected,119.08
R003582,I00061237,2023-11-22,Changed mind,21.49
R003583,I00061238,2023-11-02,Not as expected,49.72
R003584,I00061239,2023-11-11,Changed mind,23.24
R003585,I00061240,2023-11-07,Changed mind,21.73
R003586,I00061267,2025-11-27,Late delivery,449.03
R003587,I00061268,2025-11-19,Not as expected,55.74
R003588,I00061269,2025-11-23,Changed mind,119.16
R003589,I00061324,2025-03-11,Not as expected,68.16
R003590,I00061383,2025-09-30,Not as expected,31.8
R003591,I00061449,2024-07-22,Changed mind,28.46
R003592,I00061451,2025-12-28,Late delivery,22.83
R003593,I00061456,2025-12-31,Late delivery,28.9
R003594,I00061466,2025-07-29,Damaged,54.95
R003595,I00061467,2025-08-09,Late delivery,20.36
R003596,I00061468,2025-08-15,Changed mind,17.97
R003597,I00061493,2023-12-01,Damaged,70.49
R003598,I00061508,2025-05-10,Not as expected,19.08
R003599,I00061528,2025-12-14,Changed mind,22.1
R003600,I00061548,2023-10-25,Changed mind,171.12
R003601,I00061555,2025-12-31,Damaged,17.35
R003602,I00061556,2025-12-15,Late delivery,91.39
R003603,I00061557,2025-12-31,Not as expected,35.46
R003604,I00061558,2025-12-31,Late delivery,32.89
R003605,I00061596,2024-10-05,Changed mind,142.88
R003606,I00061597,2024-10-04,Changed mind,20.45
R003607,I00061646,2025-06-23,Late delivery,20.88
R003608,I00061648,2025-11-30,Damaged,21.54
R003609,I00061649,2025-11-24,Changed mind,80.55
R003610,I00061696,2025-09-27,Damaged,20.56
R003611,I00061697,2025-10-04,Not as expected,56.54
R003612,I00061704,2025-12-31,Wrong item,38.87
R003613,I00061722,2025-12-29,Not as expected,41.64
R003614,I00061732,2024-09-07,Wrong item,64.21
R003615,I00061772,2025-07-17,Wrong item,22.18
R003616,I00061790,2024-07-16,Changed mind,15.67
R003617,I00061995,2025-12-25,Not as expected,121.03
R003618,I00062024,2025-10-22,Changed mind,42.53
R003619,I00062065,2024-12-01,Changed mind,36.1
R003620,I00062087,2025-12-04,Not as expected,74.5
R003621,I00062124,2024-06-06,Wrong item,371.35
R003622,I00062125,2024-06-07,Wrong item,20.39
R003623,I00062126,2024-06-23,Late delivery,16.48
R003624,I00062137,2025-08-03,Damaged,193.46
R003625,I00062138,2025-08-10,Changed mind,62.57
R003626,I00062157,2024-11-01,Not as expected,15.82
R003627,I00062158,2024-11-13,Damaged,10.61
R003628,I00062176,2025-07-03,Not as expected,119.06
R003629,I00062179,2024-12-03,Changed mind,311.09
R003630,I00062188,2025-12-31,Not as expected,19.38
R003631,I00062190,2024-01-28,Not as expected,52.22
R003632,I00062211,2025-12-19,Not as expected,43.69
R003633,I00062212,2025-11-07,Changed mind,20.86
R003634,I00062213,2025-11-20,Not as expected,131.72
R003635,I00062214,2025-11-14,Wrong item,48.51
R003636,I00062237,2025-12-05,Changed mind,96.22
R003637,I00062238,2025-11-26,Changed mind,90.07
R003638,I00062239,2025-11-14,Damaged,36.95
R003639,I00062288,2025-10-06,Changed mind,38.76
R003640,I00062289,2025-10-04,Not as expected,55.93
R003641,I00062290,2025-09-17,Changed mind,108.09
R003642,I00062361,2025-12-18,Not as expected,18.8
R003643,I00062362,2025-11-29,Damaged,20.46
R003644,I00062393,2024-12-21,Changed mind,80.8
R003645,I00062400,2025-12-04,Not as expected,84.24
R003646,I00062424,2023-11-15,Changed mind,94.99
R003647,I00062432,2025-12-31,Changed mind,23.33
R003648,I00062446,2025-04-01,Not as expected,15.89
R003649,I00062476,2025-12-22,Not as expected,17.27
R003650,I00062485,2025-12-31,Changed mind,54.07
R003651,I00062486,2024-04-12,Changed mind,187.86
R003652,I00062487,2024-04-18,Wrong item,108.63
R003653,I00062496,2025-09-26,Changed mind,87.54
R003654,I00062516,2025-12-31,Late delivery,22.2
R003655,I00062517,2025-12-31,Damaged,215.41
R003656,I00062549,2025-12-31,Not as expected,43.32
R003657,I00062566,2024-04-23,Late delivery,20.7
R003658,I00062581,2025-09-02,Not as expected,27.19
R003659,I00062611,2024-12-22,Not as expected,76.89
R003660,I00062619,2025-01-02,Not as expected,40.49
R003661,I00062696,2024-11-10,Changed mind,50.97
R003662,I00062700,2025-03-17,Not as expected,85.53
R003663,I00062701,2025-03-03,Not as expected,17.7
R003664,I00062795,2024-11-29,Changed mind,67.53
R003665,I00062834,2025-06-21,Changed mind,124.71
R003666,I00062847,2025-09-12,Not as expected,62.55
R003667,I00062848,2025-09-21,Not as expected,41.23
R003668,I00062849,2025-09-26,Not as expected,10.73
R003669,I00062891,2025-12-12,Not as expected,13.72
R003670,I00062893,2024-03-24,Wrong item,21.86
R003671,I00062894,2024-03-29,Wrong item,85.63
R003672,I00062895,2024-04-04,Not as expected,44.45
R003673,I00062931,2024-11-12,Not as expected,8.33
R003674,I00062947,2025-08-14,Not as expected,67.04
R003675,I00063059,2024-04-30,Late delivery,19.23
R003676,I00063061,2025-04-29,Wrong item,52.2
R003677,I00063106,2025-11-22,Changed mind,48.55
R003678,I00063236,2024-11-09,Late delivery,176.44
R003679,I00063243,2025-10-03,Changed mind,17.11
R003680,I00063267,2024-12-25,Wrong item,72.57
R003681,I00063276,2023-07-24,Changed mind,26.71
R003682,I00063285,2025-11-29,Changed mind,49.72
R003683,I00063338,2025-11-18,Late delivery,75.02
R003684,I00063377,2025-07-13,Changed mind,27.64
R003685,I00063422,2024-03-03,Wrong item,16.63
R003686,I00063423,2024-02-27,Changed mind,22.46
R003687,I00063431,2025-09-03,Changed mind,25.27
R003688,I00063541,2025-10-02,Damaged,9.75
R003689,I00063543,2025-09-09,Changed mind,56.52
R003690,I00063555,2025-08-08,Not as expected,35.99
R003691,I00063597,2025-12-31,Changed mind,14.99
R003692,I00063622,2023-12-28,Wrong item,23.86
R003693,I00063651,2025-12-28,Changed mind,28.29
R003694,I00063652,2025-12-31,Late delivery,84.32
R003695,I00063668,2025-02-01,Changed mind,15.77
R003696,I00063759,2025-10-17,Late delivery,65.6
R003697,I00063772,2024-01-23,Changed mind,33.81
R003698,I00063773,2024-01-30,Damaged,12.57
R003699,I00063774,2024-01-19,Changed mind,20.42
R003700,I00063775,2024-01-23,Changed mind,85.96
R003701,I00063776,2024-02-01,Changed mind,39.05
R003702,I00063787,2025-12-31,Changed mind,117.32
R003703,I00063791,2025-10-13,Damaged,50.49
R003704,I00063859,2025-12-31,Changed mind,18.63
R003705,I00063863,2024-08-01,Late delivery,36.77
R003706,I00063914,2024-11-24,Changed mind,64.58
R003707,I00063930,2024-04-20,Not as expected,21.0
R003708,I00063931,2025-02-18,Changed mind,44.15
R003709,I00064002,2024-01-27,Wrong item,55.0
R003710,I00064004,2024-01-27,Changed mind,30.93
R003711,I00064018,2025-07-15,Changed mind,26.0
R003712,I00064036,2025-09-27,Changed mind,43.5
R003713,I00064077,2025-11-21,Not as expected,21.64
R003714,I00064109,2024-12-21,Changed mind,76.23
R003715,I00064110,2024-02-17,Wrong item,48.23
R003716,I00064111,2024-02-25,Damaged,50.43
R003717,I00064149,2025-03-04,Not as expected,16.31
R003718,I00064153,2025-01-22,Changed mind,22.91
R003719,I00064158,2025-12-03,Wrong item,22.31
R003720,I00064171,2023-12-08,Wrong item,26.33
R003721,I00064237,2025-12-14,Changed mind,73.24
R003722,I00064253,2025-07-02,Late delivery,51.36
R003723,I00064254,2024-08-13,Not as expected,93.54
R003724,I00064255,2024-08-13,Changed mind,113.32
R003725,I00064256,2024-08-16,Changed mind,27.52
R003726,I00064269,2023-11-27,Not as expected,54.37
R003727,I00064299,2024-12-25,Changed mind,212.22
R003728,I00064304,2025-12-31,Late delivery,30.14
R003729,I00064314,2025-06-09,Changed mind,64.04
R003730,I00064425,2024-08-31,Changed mind,40.53
R003731,I00064444,2025-12-02,Changed mind,134.84
R003732,I00064448,2025-07-20,Wrong item,70.03
R003733,I00064469,2024-03-13,Changed mind,40.48
R003734,I00064498,2025-12-31,Changed mind,7.46
R003735,I00064516,2025-12-05,Changed mind,45.25
R003736,I00064594,2025-12-05,Late delivery,58.23
R003737,I00064595,2025-12-20,Changed mind,40.92
R003738,I00064609,2025-03-24,Wrong item,16.61
R003739,I00064631,2023-07-23,Changed mind,17.62
R003740,I00064632,2023-07-24,Changed mind,47.01
R003741,I00064646,2025-08-06,Not as expected,161.56
R003742,I00064655,2025-09-06,Changed mind,92.36
R003743,I00064656,2025-07-06,Not as expected,103.04
R003744,I00064657,2025-07-07,Not as expected,204.61
R003745,I00064658,2025-07-30,Not as expected,55.69
R003746,I00064659,2025-07-06,Wrong item,52.56
R003747,I00064660,2025-06-30,Damaged,178.03
R003748,I00064722,2025-11-30,Changed mind,113.43
R003749,I00064751,2025-11-21,Changed mind,26.16
R003750,I00064767,2025-11-24,Late delivery,28.0
R003751,I00064834,2025-06-02,Late delivery,18.66
R003752,I00064873,2025-02-02,Changed mind,76.31
R003753,I00064875,2024-06-22,Late delivery,64.26
R003754,I00064876,2025-12-31,Damaged,89.15
R003755,I00064915,2025-12-25,Wrong item,17.36
R003756,I00064917,2025-11-16,Late delivery,73.48
R003757,I00065031,2025-09-02,Changed mind,91.24
R003758,I00065083,2025-02-04,Damaged,32.62
R003759,I00065125,2024-09-24,Not as expected,60.11
R003760,I00065126,2024-09-09,Changed mind,26.23
R003761,I00065127,2024-09-16,Damaged,32.77
R003762,I00065210,2025-08-21,Not as expected,11.55
R003763,I00065262,2025-08-15,Not as expected,40.83
R003764,I00065263,2025-08-23,Not as expected,44.84
R003765,I00065264,2025-08-23,Changed mind,16.23
R003766,I00065265,2025-08-29,Changed mind,13.35
R003767,I00065295,2024-01-11,Not as expected,39.09
R003768,I00065339,2025-02-27,Wrong item,30.98
R003769,I00065340,2025-01-31,Changed mind,96.05
R003770,I00065348,2025-11-13,Changed mind,26.48
R003771,I00065349,2025-11-23,Damaged,139.81
R003772,I00065350,2025-11-29,Changed mind,20.2
R003773,I00065428,2023-08-28,Wrong item,81.72
R003774,I00065471,2024-12-11,Not as expected,20.43
R003775,I00065492,2023-11-25,Damaged,76.97
R003776,I00065516,2025-12-31,Changed mind,17.46
R003777,I00065517,2025-12-31,Not as expected,16.7
R003778,I00065518,2025-12-31,Not as expected,61.97
R003779,I00065526,2025-06-25,Not as expected,21.07
R003780,I00065545,2025-06-18,Not as expected,85.38
R003781,I00065565,2025-12-30,Changed mind,142.58
R003782,I00065568,2025-03-23,Damaged,34.69
R003783,I00065650,2025-12-31,Changed mind,103.93
R003784,I00065667,2025-12-23,Not as expected,42.98
R003785,I00065668,2025-10-16,Not as expected,16.6
R003786,I00065677,2023-12-31,Late delivery,100.78
R003787,I00065693,2025-08-12,Late delivery,51.31
R003788,I00065697,2025-12-10,Not as expected,137.43
R003789,I00065706,2025-05-20,Damaged,71.53
R003790,I00065707,2025-05-14,Changed mind,17.02
R003791,I00065708,2025-05-07,Changed mind,62.73
R003792,I00065714,2024-01-31,Not as expected,280.84
R003793,I00065732,2025-12-31,Changed mind,99.77
R003794,I00065781,2025-02-16,Not as expected,106.89
R003795,I00065782,2025-03-01,Not as expected,38.59
R003796,I00065784,2025-09-13,Damaged,18.39
R003797,I00065806,2025-05-21,Not as expected,19.55
R003798,I00065814,2025-08-15,Wrong item,15.27
R003799,I00065818,2024-11-13,Damaged,16.71
R003800,I00065829,2025-12-10,Not as expected,28.47
R003801,I00065831,2025-12-02,Damaged,41.69
R003802,I00065832,2025-12-05,Not as expected,30.58
R003803,I00065874,2025-02-05,Changed mind,20.37
R003804,I00065884,2025-09-10,Changed mind,39.51
R003805,I00065906,2023-09-11,Changed mind,25.62
R003806,I00065937,2025-06-20,Not as expected,81.6
R003807,I00066003,2025-12-31,Wrong item,73.77
R003808,I00066004,2025-12-29,Changed mind,27.01
R003809,I00066007,2025-08-31,Changed mind,26.63
R003810,I00066016,2025-11-09,Wrong item,58.25
R003811,I00066022,2025-11-10,Wrong item,77.83
R003812,I00066033,2025-09-04,Not as expected,54.8
R003813,I00066034,2025-09-16,Late delivery,129.64
R003814,I00066035,2025-09-15,Not as expected,46.04
R003815,I00066036,2025-08-23,Changed mind,22.53
R003816,I00066037,2025-09-01,Changed mind,53.07
R003817,I00066044,2025-12-09,Not as expected,65.23
R003818,I00066054,2025-02-27,Changed mind,22.62
R003819,I00066055,2025-03-04,Changed mind,28.69
R003820,I00066068,2025-03-19,Wrong item,48.17
R003821,I00066072,2025-02-15,Damaged,19.75
R003822,I00066074,2025-12-31,Changed mind,61.21
R003823,I00066095,2024-09-08,Damaged,52.63
R003824,I00066122,2025-12-21,Not as expected,27.71
R003825,I00066214,2024-05-07,Changed mind,37.52
R003826,I00066305,2025-04-28,Changed mind,85.95
R003827,I00066313,2025-12-01,Not as expected,25.39
R003828,I00066330,2024-09-03,Changed mind,41.06
R003829,I00066338,2025-06-15,Late delivery,227.3
R003830,I00066339,2025-05-31,Wrong item,56.46
R003831,I00066352,2025-12-31,Changed mind,39.1
R003832,I00066418,2025-12-31,Changed mind,48.09
R003833,I00066419,2025-12-31,Damaged,73.38
R003834,I00066420,2025-12-31,Changed mind,82.42
R003835,I00066462,2025-11-30,Changed mind,24.18
R003836,I00066463,2025-12-05,Changed mind,34.78
R003837,I00066464,2025-12-03,Changed mind,45.25
R003838,I00066465,2025-12-06,Not as expected,32.81
R003839,I00066466,2025-11-20,Late delivery,46.37
R003840,I00066475,2023-11-16,Not as expected,24.12
R003841,I00066537,2024-08-13,Changed mind,36.31
R003842,I00066538,2024-08-06,Damaged,47.31
R003843,I00066544,2025-09-26,Changed mind,164.92
R003844,I00066568,2025-12-02,Wrong item,138.43
R003845,I00066636,2024-12-29,Changed mind,33.14
R003846,I00066661,2025-02-03,Changed mind,18.22
R003847,I00066703,2025-07-08,Late delivery,56.09
R003848,I00066712,2025-12-31,Late delivery,21.14
R003849,I00066713,2025-12-31,Not as expected,46.63
R003850,I00066728,2025-12-31,Late delivery,37.38
R003851,I00066729,2025-12-31,Changed mind,75.97
R003852,I00066730,2025-12-23,Not as expected,55.86
R003853,I00066795,2025-05-19,Damaged,44.61
R003854,I00066801,2025-10-20,Not as expected,62.29
R003855,I00066827,2024-12-06,Late delivery,89.3
R003856,I00066870,2024-10-15,Late delivery,16.87
R003857,I00066871,2024-10-23,Damaged,22.28
R003858,I00066907,2025-12-31,Changed mind,45.44
R003859,I00066921,2023-05-23,Damaged,25.46
R003860,I00066925,2025-12-31,Damaged,121.2
R003861,I00066926,2025-12-14,Not as expected,14.22
R003862,I00066927,2025-12-31,Late delivery,20.01
R003863,I00066932,2025-12-14,Changed mind,23.94
R003864,I00066997,2025-09-27,Not as expected,20.47
R003865,I00067056,2024-03-07,Changed mind,9.85
R003866,I00067057,2024-03-08,Not as expected,97.02
R003867,I00067065,2025-11-08,Changed mind,62.61
R003868,I00067088,2025-09-06,Changed mind,23.54
R003869,I00067089,2025-08-26,Changed mind,444.16
R003870,I00067090,2025-08-27,Changed mind,40.72
R003871,I00067136,2025-12-05,Wrong item,11.18
R003872,I00067137,2025-12-24,Late delivery,32.47
R003873,I00067185,2023-08-26,Not as expected,23.52
R003874,I00067204,2025-10-14,Not as expected,229.59
R003875,I00067207,2024-11-15,Wrong item,115.56
R003876,I00067266,2025-11-27,Damaged,214.08
R003877,I00067278,2024-12-28,Changed mind,15.6
R003878,I00067304,2025-12-31,Changed mind,41.4
R003879,I00067305,2025-12-22,Damaged,34.81
R003880,I00067306,2025-12-16,Changed mind,68.64
R003881,I00067307,2025-12-31,Wrong item,41.74
R003882,I00067308,2024-01-12,Changed mind,83.11
R003883,I00067311,2025-11-11,Damaged,57.9
R003884,I00067357,2025-12-31,Changed mind,54.5
R003885,I00067358,2025-12-31,Changed mind,33.68
R003886,I00067393,2025-03-10,Damaged,34.0
R003887,I00067394,2025-04-07,Changed mind,46.05
R003888,I00067395,2025-04-02,Not as expected,16.72
R003889,I00067396,2025-03-15,Wrong item,31.86
R003890,I00067397,2025-05-09,Changed mind,53.64
R003891,I00067399,2025-05-17,Damaged,12.34
R003892,I00067423,2025-02-16,Not as expected,26.67
R003893,I00067438,2025-05-21,Late delivery,45.48
R003894,I00067450,2025-03-18,Damaged,228.19
R003895,I00067466,2024-11-08,Damaged,64.54
R003896,I00067489,2023-10-22,Wrong item,24.65
R003897,I00067556,2025-01-18,Not as expected,19.5
R003898,I00067562,2023-11-01,Late delivery,16.75
R003899,I00067563,2023-11-12,Damaged,23.63
R003900,I00067564,2023-11-16,Changed mind,14.3
R003901,I00067623,2025-10-28,Changed mind,27.21
R003902,I00067649,2025-02-06,Damaged,28.71
R003903,I00067704,2023-10-03,Wrong item,30.22
R003904,I00067720,2025-12-31,Changed mind,23.6
R003905,I00067740,2025-12-17,Late delivery,60.48
R003906,I00067763,2025-11-03,Damaged,42.75
R003907,I00067764,2025-11-08,Not as expected,112.11
R003908,I00067765,2024-10-02,Wrong item,96.68
R003909,I00067805,2024-11-27,Wrong item,50.8
R003910,I00067827,2025-12-28,Damaged,23.94
R003911,I00067832,2024-08-06,Late delivery,25.03
R003912,I00067833,2024-08-30,Not as expected,30.49
R003913,I00067834,2024-08-30,Damaged,46.23
R003914,I00067867,2025-12-05,Changed mind,15.68
R003915,I00067868,2025-12-18,Not as expected,71.69
R003916,I00067899,2025-12-13,Changed mind,87.0
R003917,I00067904,2024-04-22,Not as expected,16.71
R003918,I00067905,2024-05-06,Wrong item,10.99
R003919,I00067906,2024-04-24,Not as expected,25.08
R003920,I00067907,2024-04-24,Not as expected,7.85
R003921,I00067913,2025-06-02,Not as expected,16.08
R003922,I00067936,2024-05-26,Changed mind,16.66
R003923,I00067938,2024-03-19,Damaged,58.34
R003924,I00067973,2025-12-31,Late delivery,96.98
R003925,I00068015,2024-01-05,Changed mind,27.98
R003926,I00068016,2024-01-14,Not as expected,69.76
R003927,I00068017,2023-12-30,Not as expected,47.5
R003928,I00068024,2025-12-29,Damaged,74.8
R003929,I00068025,2025-12-28,Changed mind,19.82
R003930,I00068026,2025-12-12,Not as expected,48.64
R003931,I00068051,2025-12-19,Not as expected,22.18
R003932,I00068052,2025-12-31,Changed mind,48.34
R003933,I00068053,2025-12-31,Not as expected,80.41
R003934,I00068059,2024-03-15,Changed mind,31.78
R003935,I00068062,2024-11-12,Not as expected,16.05
R003936,I00068123,2025-12-31,Not as expected,39.99
R003937,I00068144,2025-09-26,Changed mind,38.61
R003938,I00068149,2025-11-10,Changed mind,100.14
R003939,I00068150,2025-11-17,Wrong item,45.66
R003940,I00068154,2024-12-19,Changed mind,22.32
R003941,I00068168,2025-05-18,Wrong item,17.72
R003942,I00068204,2024-12-09,Not as expected,74.38
R003943,I00068217,2025-12-11,Late delivery,27.0
R003944,I00068218,2025-12-11,Not as expected,28.62
R003945,I00068219,2025-12-16,Damaged,23.01
R003946,I00068241,2025-03-28,Not as expected,304.58
R003947,I00068246,2024-11-20,Damaged,221.63
R003948,I00068247,2024-10-29,Damaged,44.02
R003949,I00068253,2025-01-22,Changed mind,24.49
R003950,I00068254,2025-01-03,Changed mind,167.94
R003951,I00068259,2025-11-11,Changed mind,97.18
R003952,I00068263,2024-12-13,Not as expected,50.84
R003953,I00068271,2024-12-04,Changed mind,56.19
R003954,I00068309,2023-11-08,Not as expected,140.67
R003955,I00068320,2025-11-04,Changed mind,68.0
R003956,I00068343,2023-11-19,Wrong item,102.88
R003957,I00068359,2025-10-29,Changed mind,23.9
R003958,I00068360,2025-10-08,Damaged,77.79
R003959,I00068361,2025-11-02,Late delivery,67.04
R003960,I00068404,2025-12-15,Not as expected,66.55
R003961,I00068418,2025-07-18,Damaged,51.52
R003962,I00068419,2025-08-10,Not as expected,36.15
R003963,I00068453,2023-11-16,Damaged,213.46
R003964,I00068528,2025-05-26,Damaged,41.65
R003965,I00068535,2025-10-27,Damaged,13.85
R003966,I00068576,2024-09-13,Damaged,121.83
R003967,I00068658,2025-09-02,Not as expected,21.11
R003968,I00068682,2025-01-04,Late delivery,90.72
R003969,I00068683,2024-12-30,Damaged,46.92
R003970,I00068684,2024-12-15,Not as expected,283.99
R003971,I00068685,2025-01-12,Changed mind,21.72
R003972,I00068697,2024-06-05,Changed mind,23.48
R003973,I00068702,2025-12-31,Changed mind,19.7
R003974,I00068715,2025-06-22,Not as expected,108.87
R003975,I00068744,2023-11-22,Wrong item,20.17
R003976,I00068746,2024-10-20,Changed mind,44.61
R003977,I00068790,2025-07-19,Not as expected,57.6
R003978,I00068794,2025-09-17,Damaged,75.38
R003979,I00068801,2025-07-25,Changed mind,105.13
R003980,I00068825,2025-09-03,Changed mind,92.51
R003981,I00068826,2025-09-10,Late delivery,69.29
R003982,I00068844,2025-10-25,Not as expected,181.04
R003983,I00068943,2025-03-12,Not as expected,69.96
R003984,I00068960,2025-12-27,Not as expected,74.61
R003985,I00068970,2024-12-02,Not as expected,22.96
R003986,I00068971,2025-01-13,Wrong item,38.48
R003987,I00069040,2025-05-28,Not as expected,21.7
R003988,I00069041,2025-06-26,Late delivery,22.24
R003989,I00069153,2025-10-19,Wrong item,74.95
R003990,I00069228,2025-04-18,Changed mind,38.92
R003991,I00069248,2025-12-09,Not as expected,36.79
R003992,I00069251,2025-12-20,Late delivery,86.51
R003993,I00069252,2025-12-09,Wrong item,28.44
R003994,I00069288,2023-08-19,Changed mind,77.37
R003995,I00069289,2023-08-30,Not as expected,53.41
R003996,I00069295,2025-09-28,Not as expected,90.83
R003997,I00069316,2025-07-12,Changed mind,92.87
R003998,I00069319,2024-07-28,Not as expected,141.62
R003999,I00069339,2025-12-15,Not as expected,121.47
R004000,I00069400,2025-08-18,Wrong item,93.66
R004001,I00069448,2023-10-25,Changed mind,88.42
R004002,I00069452,2025-10-11,Late delivery,43.64
R004003,I00069472,2023-07-16,Late delivery,237.34
R004004,I00069534,2025-08-01,Damaged,172.92
R004005,I00069605,2025-12-31,Changed mind,17.67
R004006,I00069606,2025-12-31,Not as expected,114.27
R004007,I00069607,2025-12-31,Changed mind,50.01
R004008,I00069645,2025-12-12,Changed mind,61.04
R004009,I00069661,2025-11-23,Changed mind,12.37
R004010,I00069711,2025-08-14,Changed mind,112.26
R004011,I00069712,2025-07-24,Changed mind,54.41
R004012,I00069713,2025-07-24,Changed mind,49.9
R004013,I00069744,2025-02-17,Not as expected,102.64
R004014,I00069745,2025-02-20,Not as expected,18.96
R004015,I00069746,2025-03-06,Changed mind,66.52
R004016,I00069758,2025-11-18,Damaged,35.05
R004017,I00069762,2025-04-29,Late delivery,175.86
R004018,I00069824,2025-04-08,Changed mind,21.6
R004019,I00069853,2025-08-25,Damaged,43.18
R004020,I00069854,2025-09-18,Not as expected,34.81
R004021,I00069855,2025-08-27,Damaged,14.71
R004022,I00069858,2024-07-19,Not as expected,22.66
R004023,I00069859,2024-07-26,Late delivery,55.64
R004024,I00069860,2024-07-19,Wrong item,66.79
R004025,I00069861,2024-07-14,Changed mind,12.16
R004026,I00069863,2024-03-18,Wrong item,48.29
R004027,I00069864,2024-03-24,Not as expected,23.75
R004028,I00069865,2024-02-28,Changed mind,98.47
R004029,I00069866,2024-03-20,Changed mind,84.96
R004030,I00069867,2024-03-07,Changed mind,40.6
R004031,I00069931,2024-02-05,Not as expected,108.97
R004032,I00069939,2025-05-10,Late delivery,89.98
R004033,I00069940,2025-12-12,Changed mind,54.44
R004034,I00069948,2024-10-12,Changed mind,30.49
R004035,I00069981,2025-11-10,Not as expected,44.93
R004036,I00069982,2025-11-25,Damaged,15.72
R004037,I00069983,2025-11-19,Wrong item,39.94
R004038,I00070041,2025-12-30,Not as expected,28.2
R004039,I00070042,2025-12-24,Changed mind,78.99
R004040,I00070057,2025-02-13,Late delivery,82.71
R004041,I00070058,2025-02-05,Not as expected,140.97
R004042,I00070067,2025-02-25,Wrong item,65.15
R004043,I00070138,2025-04-29,Changed mind,33.3
R004044,I00070139,2025-04-05,Changed mind,79.71
R004045,I00070192,2024-08-03,Changed mind,22.95
R004046,I00070228,2024-10-31,Late delivery,48.53
R004047,I00070234,2025-12-13,Changed mind,40.53
R004048,I00070235,2025-12-22,Damaged,60.48
R004049,I00070236,2025-12-18,Damaged,22.32
R004050,I00070237,2025-11-29,Late delivery,80.67
R004051,I00070238,2025-12-10,Changed mind,22.64
R004052,I00070255,2025-12-31,Not as expected,77.4
R004053,I00070259,2024-04-21,Changed mind,33.89
R004054,I00070260,2024-05-11,Not as expected,76.59
R004055,I00070303,2025-12-31,Not as expected,21.98
R004056,I00070304,2025-12-31,Not as expected,90.4
R004057,I00070305,2025-12-31,Not as expected,73.39
R004058,I00070306,2025-12-31,Not as expected,94.87
R004059,I00070307,2025-12-31,Changed mind,101.54
R004060,I00070312,2025-08-21,Damaged,70.66
R004061,I00070329,2025-12-31,Damaged,21.45
R004062,I00070330,2025-03-20,Late delivery,18.47
R004063,I00070331,2025-03-16,Damaged,14.55
R004064,I00070332,2025-04-10,Changed mind,85.78
R004065,I00070334,2025-07-30,Not as expected,23.6
R004066,I00070335,2025-08-08,Damaged,87.23
R004067,I00070356,2025-07-03,Not as expected,14.38
R004068,I00070358,2025-12-31,Not as expected,28.87
R004069,I00070372,2025-11-28,Not as expected,41.48
R004070,I00070373,2025-11-29,Changed mind,20.94
R004071,I00070408,2024-03-01,Not as expected,20.01
R004072,I00070409,2024-02-24,Not as expected,9.96
R004073,I00070461,2025-10-01,Not as expected,27.31
R004074,I00070465,2024-07-01,Not as expected,34.88
R004075,I00070466,2024-06-09,Not as expected,89.71
R004076,I00070508,2025-01-17,Not as expected,42.96
R004077,I00070511,2023-10-03,Changed mind,59.59
R004078,I00070512,2025-07-05,Changed mind,10.87
R004079,I00070513,2025-07-08,Late delivery,114.62
R004080,I00070581,2023-12-20,Changed mind,20.48
R004081,I00070588,2025-01-08,Changed mind,11.44
R004082,I00070604,2025-12-31,Changed mind,12.83
R004083,I00070617,2025-12-24,Changed mind,17.65
R004084,I00070626,2025-11-13,Damaged,116.76
R004085,I00070627,2025-12-10,Not as expected,14.37
R004086,I00070664,2025-08-18,Changed mind,28.9
R004087,I00070689,2025-12-04,Late delivery,24.76
R004088,I00070732,2024-11-25,Not as expected,36.54
R004089,I00070733,2024-11-15,Changed mind,97.69
R004090,I00070734,2024-12-07,Damaged,14.79
R004091,I00070735,2024-12-09,Damaged,122.1
R004092,I00070736,2024-12-10,Not as expected,127.23
R004093,I00070749,2025-07-30,Wrong item,46.44
R004094,I00070766,2025-02-17,Damaged,57.36
R004095,I00070776,2025-12-31,Not as expected,23.83
R004096,I00070777,2025-12-16,Damaged,22.33
R004097,I00070778,2025-12-26,Changed mind,24.82
R004098,I00070779,2025-12-31,Changed mind,35.74
R004099,I00070797,2025-07-16,Changed mind,36.27
R004100,I00070798,2025-07-12,Damaged,43.89
R004101,I00070802,2025-11-03,Not as expected,23.95
R004102,I00070824,2024-09-07,Changed mind,73.82
R004103,I00070825,2025-04-17,Damaged,17.64
R004104,I00070835,2025-12-26,Late delivery,24.19
R004105,I00070872,2025-12-17,Damaged,171.2
R004106,I00070981,2025-08-01,Changed mind,32.23
R004107,I00070982,2025-07-30,Late delivery,37.59
R004108,I00071041,2025-07-24,Changed mind,24.02
R004109,I00071042,2025-07-30,Not as expected,26.51
R004110,I00071060,2025-12-31,Late delivery,48.26
R004111,I00071075,2025-01-29,Not as expected,21.58
R004112,I00071084,2024-10-04,Not as expected,108.34
R004113,I00071120,2025-12-31,Changed mind,8.87
R004114,I00071127,2025-12-27,Damaged,27.88
R004115,I00071149,2025-06-14,Changed mind,40.79
R004116,I00071150,2025-06-16,Late delivery,191.82
R004117,I00071151,2025-06-01,Changed mind,7.48
R004118,I00071152,2025-05-25,Changed mind,21.22
R004119,I00071155,2024-12-11,Not as expected,11.87
R004120,I00071184,2024-08-16,Late delivery,30.97
R004121,I00071190,2024-11-22,Changed mind,65.33
R004122,I00071236,2023-07-20,Changed mind,64.26
R004123,I00071271,2025-12-31,Not as expected,40.98
R004124,I00071272,2025-12-31,Late delivery,101.58
R004125,I00071311,2025-11-24,Not as expected,41.06
R004126,I00071312,2025-11-16,Late delivery,64.78
R004127,I00071313,2025-11-30,Not as expected,73.95
R004128,I00071369,2025-12-31,Not as expected,24.43
R004129,I00071390,2024-11-27,Changed mind,19.95
R004130,I00071456,2025-04-29,Changed mind,27.73
R004131,I00071481,2025-12-15,Changed mind,39.63
R004132,I00071489,2025-09-26,Changed mind,234.67
R004133,I00071492,2023-05-09,Wrong item,21.37
R004134,I00071493,2025-10-09,Damaged,21.11
R004135,I00071504,2025-05-09,Changed mind,32.2
R004136,I00071530,2024-05-07,Wrong item,30.94
R004137,I00071560,2024-07-15,Not as expected,92.7
R004138,I00071561,2025-12-22,Not as expected,25.89
R004139,I00071562,2025-12-01,Damaged,395.33
R004140,I00071621,2023-06-19,Late delivery,31.01
R004141,I00071668,2025-04-27,Damaged,100.85
R004142,I00071764,2024-08-24,Not as expected,96.29
R004143,I00071776,2025-12-16,Damaged,122.58
R004144,I00071783,2025-11-17,Changed mind,59.11
R004145,I00071794,2025-01-31,Not as expected,22.6
R004146,I00071806,2024-08-18,Not as expected,77.53
R004147,I00071822,2025-01-06,Not as expected,34.37
R004148,I00071823,2025-01-16,Not as expected,15.95
R004149,I00071824,2024-12-31,Changed mind,20.18
R004150,I00071825,2025-01-14,Not as expected,52.72
R004151,I00071843,2025-10-08,Not as expected,19.49
R004152,I00071846,2025-11-04,Changed mind,45.9
R004153,I00071865,2024-06-06,Not as expected,47.84
R004154,I00071873,2025-12-19,Changed mind,49.66
R004155,I00071874,2025-12-01,Not as expected,28.93
R004156,I00071875,2025-12-16,Changed mind,54.79
R004157,I00071877,2025-05-06,Not as expected,52.67
R004158,I00071879,2025-04-14,Not as expected,187.67
R004159,I00071899,2025-11-08,Changed mind,99.13
R004160,I00071900,2025-10-27,Late delivery,14.27
R004161,I00071901,2025-11-05,Not as expected,249.92
R004162,I00071902,2025-12-26,Damaged,27.04
R004163,I00071903,2025-12-31,Late delivery,98.96
R004164,I00071970,2025-11-05,Not as expected,49.35
R004165,I00072036,2025-10-01,Changed mind,34.25
R004166,I00072065,2025-12-31,Changed mind,92.6
R004167,I00072090,2025-10-15,Wrong item,217.55
R004168,I00072096,2025-01-04,Wrong item,75.13
R004169,I00072097,2024-12-10,Changed mind,13.7
R004170,I00072132,2025-12-18,Late delivery,21.27
R004171,I00072168,2024-11-22,Late delivery,86.52
R004172,I00072195,2025-08-25,Changed mind,37.41
R004173,I00072204,2024-07-22,Not as expected,280.62
R004174,I00072210,2025-12-13,Damaged,19.86
R004175,I00072239,2024-07-24,Changed mind,89.24
R004176,I00072258,2025-11-11,Wrong item,85.05
R004177,I00072259,2025-11-01,Changed mind,126.2
R004178,I00072261,2025-01-27,Wrong item,12.8
R004179,I00072262,2025-01-24,Wrong item,74.2
R004180,I00072263,2025-02-12,Late delivery,28.36
R004181,I00072264,2025-01-20,Not as expected,41.31
R004182,I00072315,2023-11-08,Changed mind,17.59
R004183,I00072316,2023-11-21,Not as expected,21.94
R004184,I00072328,2025-12-31,Damaged,73.19
R004185,I00072331,2025-07-30,Not as expected,35.15
R004186,I00072336,2025-12-31,Damaged,14.83
R004187,I00072352,2025-12-10,Damaged,35.82
R004188,I00072373,2023-12-06,Wrong item,23.43
R004189,I00072374,2023-12-13,Changed mind,23.54
R004190,I00072496,2025-12-31,Changed mind,71.62
R004191,I00072527,2025-12-31,Damaged,14.54
R004192,I00072533,2025-02-07,Not as expected,133.94
R004193,I00072536,2025-01-18,Changed mind,15.67
R004194,I00072544,2025-12-26,Changed mind,96.37
R004195,I00072574,2024-01-31,Changed mind,57.78
R004196,I00072585,2024-08-07,Late delivery,35.17
R004197,I00072623,2025-09-20,Wrong item,82.72
R004198,I00072630,2025-12-31,Not as expected,48.28
R004199,I00072633,2025-12-15,Changed mind,53.04
R004200,I00072634,2025-11-20,Late delivery,18.27
R004201,I00072635,2025-11-26,Late delivery,33.52
R004202,I00072663,2025-08-15,Not as expected,37.36
R004203,I00072692,2025-09-29,Not as expected,26.65
R004204,I00072698,2025-03-24,Damaged,89.3
R004205,I00072699,2025-03-20,Late delivery,78.17
R004206,I00072700,2025-03-23,Changed mind,28.75
R004207,I00072795,2025-12-05,Not as expected,41.56
R004208,I00072830,2025-11-10,Changed mind,33.37
R004209,I00072857,2024-03-12,Changed mind,10.16
R004210,I00072858,2024-02-15,Wrong item,8.9
R004211,I00072859,2024-02-27,Changed mind,18.09
R004212,I00072903,2025-08-07,Changed mind,16.81
R004213,I00073015,2025-07-20,Changed mind,154.57
R004214,I00073016,2025-07-08,Not as expected,72.64
R004215,I00073080,2024-12-05,Changed mind,42.09
R004216,I00073103,2024-05-23,Late delivery,51.08
R004217,I00073151,2025-12-20,Changed mind,101.23
R004218,I00073158,2024-07-07,Damaged,110.37
R004219,I00073207,2024-04-04,Changed mind,108.12
R004220,I00073208,2024-04-27,Late delivery,82.95
R004221,I00073221,2023-12-30,Changed mind,22.94
R004222,I00073225,2025-09-08,Late delivery,69.24
R004223,I00073226,2025-08-30,Changed mind,15.87
R004224,I00073234,2024-08-29,Changed mind,18.92
R004225,I00073268,2025-09-19,Not as expected,22.97
R004226,I00073299,2024-08-09,Wrong item,18.02
R004227,I00073300,2024-08-09,Wrong item,47.88
R004228,I00073306,2025-12-31,Changed mind,20.58
R004229,I00073314,2025-09-16,Damaged,29.77
R004230,I00073356,2025-12-12,Changed mind,27.08
R004231,I00073385,2025-01-06,Changed mind,94.87
R004232,I00073386,2024-12-18,Changed mind,14.61
R004233,I00073423,2024-09-03,Changed mind,8.26
R004234,I00073424,2024-08-13,Damaged,12.29
R004235,I00073428,2025-06-14,Wrong item,28.4
R004236,I00073448,2025-12-07,Changed mind,24.78
R004237,I00073491,2025-07-08,Not as expected,158.02
R004238,I00073492,2025-07-15,Not as expected,71.76
R004239,I00073517,2025-11-22,Changed mind,311.68
R004240,I00073529,2025-12-17,Damaged,51.29
R004241,I00073530,2025-12-14,Not as expected,76.93
R004242,I00073531,2025-12-31,Wrong item,51.96
R004243,I00073536,2024-01-24,Changed mind,164.93
R004244,I00073537,2024-01-11,Late delivery,21.63
R004245,I00073601,2025-07-01,Late delivery,13.23
R004246,I00073625,2024-10-09,Late delivery,16.97
R004247,I00073632,2025-08-06,Damaged,17.79
R004248,I00073633,2025-08-12,Not as expected,22.09
R004249,I00073656,2025-12-18,Wrong item,33.7
R004250,I00073657,2025-12-30,Damaged,44.2
R004251,I00073684,2025-08-24,Changed mind,69.33
R004252,I00073768,2025-12-31,Late delivery,90.05
R004253,I00073769,2025-12-19,Damaged,13.32
R004254,I00073770,2025-12-31,Late delivery,82.13
R004255,I00073771,2025-12-13,Not as expected,87.18
R004256,I00073772,2025-12-31,Wrong item,42.73
R004257,I00073833,2025-12-31,Wrong item,76.97
R004258,I00073845,2025-12-25,Late delivery,23.66
R004259,I00073880,2024-09-27,Not as expected,105.64
R004260,I00073882,2025-01-23,Not as expected,53.41
R004261,I00073894,2025-04-08,Changed mind,35.6
R004262,I00073895,2024-07-25,Not as expected,121.21
R004263,I00073923,2024-07-30,Not as expected,118.6
R004264,I00073924,2024-07-31,Not as expected,38.93
R004265,I00073925,2024-07-12,Not as expected,64.79
R004266,I00073945,2024-07-08,Damaged,134.84
R004267,I00073953,2025-12-31,Late delivery,40.45
R004268,I00073968,2025-08-27,Late delivery,80.26
R004269,I00074010,2025-05-07,Late delivery,107.2
R004270,I00074128,2025-12-11,Damaged,62.42
R004271,I00074155,2024-10-13,Not as expected,16.95
R004272,I00074188,2025-10-08,Wrong item,38.87
R004273,I00074233,2025-09-20,Not as expected,25.8
R004274,I00074240,2025-12-31,Not as expected,10.78
R004275,I00074276,2024-12-29,Late delivery,22.69
R004276,I00074295,2025-09-14,Not as expected,59.98
R004277,I00074296,2025-09-02,Changed mind,12.28
R004278,I00074336,2024-04-27,Wrong item,91.55
R004279,I00074348,2025-12-29,Changed mind,33.08
R004280,I00074368,2025-05-24,Changed mind,75.0
R004281,I00074371,2023-07-26,Changed mind,27.52
R004282,I00074399,2025-11-28,Changed mind,78.93
R004283,I00074424,2024-12-02,Late delivery,177.04
R004284,I00074425,2025-11-27,Changed mind,104.96
R004285,I00074436,2023-11-09,Late delivery,68.29
R004286,I00074464,2025-11-22,Changed mind,51.85
R004287,I00074559,2024-12-24,Not as expected,21.23
R004288,I00074571,2025-02-17,Changed mind,94.85
R004289,I00074572,2025-02-18,Wrong item,50.89
R004290,I00074626,2025-08-27,Not as expected,88.53
R004291,I00074643,2025-07-08,Changed mind,20.24
R004292,I00074674,2024-11-18,Wrong item,83.48
R004293,I00074676,2025-12-10,Changed mind,25.16
R004294,I00074687,2025-04-07,Damaged,25.59
R004295,I00074699,2025-11-20,Changed mind,34.65
R004296,I00074700,2025-11-24,Damaged,15.86
R004297,I00074778,2025-07-24,Wrong item,74.62
R004298,I00074811,2025-12-31,Not as expected,97.03
R004299,I00074812,2025-12-31,Late delivery,84.91
R004300,I00074813,2025-12-31,Changed mind,16.85
R004301,I00074866,2025-10-15,Wrong item,88.48
R004302,I00074867,2025-10-24,Not as expected,66.08
R004303,I00074882,2025-09-21,Changed mind,11.43
R004304,I00074883,2025-10-13,Late delivery,47.48
R004305,I00074938,2025-10-11,Late delivery,30.53
R004306,I00074958,2025-09-05,Late delivery,36.24
R004307,I00074998,2025-08-03,Changed mind,220.41
R004308,I00075010,2024-12-10,Not as expected,276.14
R004309,I00075011,2024-11-30,Changed mind,41.36
R004310,I00075012,2024-11-16,Changed mind,83.81
R004311,I00075013,2024-11-14,Late delivery,40.43
R004312,I00075015,2024-01-06,Not as expected,25.01
R004313,I00075047,2025-12-31,Not as expected,24.4
R004314,I00075065,2025-11-16,Not as expected,31.43
R004315,I00075066,2025-11-18,Changed mind,58.11
R004316,I00075067,2025-11-15,Changed mind,104.02
R004317,I00075073,2024-10-24,Late delivery,17.02
R004318,I00075115,2024-04-07,Not as expected,59.1
R004319,I00075152,2024-10-25,Changed mind,50.77
R004320,I00075153,2024-10-14,Not as expected,8.85
R004321,I00075154,2025-01-03,Late delivery,26.91
R004322,I00075194,2025-06-05,Late delivery,51.81
R004323,I00075258,2025-09-15,Not as expected,107.61
R004324,I00075291,2025-12-18,Changed mind,82.71
R004325,I00075316,2024-04-29,Damaged,109.8
R004326,I00075323,2025-03-28,Not as expected,72.09
R004327,I00075324,2025-04-18,Not as expected,276.7
R004328,I00075325,2025-04-05,Not as expected,51.85
R004329,I00075326,2025-03-27,Changed mind,12.46
R004330,I00075388,2025-12-21,Not as expected,20.9
R004331,I00075389,2025-12-22,Changed mind,18.87
R004332,I00075397,2024-06-22,Wrong item,24.61
R004333,I00075404,2024-09-17,Changed mind,13.54
R004334,I00075410,2025-12-31,Damaged,176.6
R004335,I00075413,2024-01-10,Changed mind,50.41
R004336,I00075414,2024-01-09,Not as expected,30.4
R004337,I00075415,2023-12-23,Changed mind,26.47
R004338,I00075478,2025-03-02,Damaged,67.56
R004339,I00075489,2024-06-11,Not as expected,22.14
R004340,I00075492,2025-12-21,Changed mind,36.12
R004341,I00075493,2025-12-21,Not as expected,24.56
R004342,I00075524,2025-11-21,Damaged,14.4
R004343,I00075594,2025-08-27,Damaged,68.23
R004344,I00075642,2025-10-22,Late delivery,25.49
R004345,I00075643,2025-10-27,Changed mind,120.6
R004346,I00075644,2025-11-03,Not as expected,21.12
R004347,I00075658,2025-08-20,Late delivery,16.4
R004348,I00075663,2023-06-18,Changed mind,19.35
R004349,I00075700,2025-07-08,Not as expected,17.42
R004350,I00075702,2025-10-29,Wrong item,130.29
R004351,I00075703,2025-11-24,Changed mind,26.5
R004352,I00075762,2023-05-24,Late delivery,21.94
R004353,I00075768,2025-12-31,Changed mind,24.39
R004354,I00075769,2025-12-31,Changed mind,12.02
R004355,I00075801,2025-11-09,Late delivery,25.82
R004356,I00075814,2025-11-16,Not as expected,46.93
R004357,I00075815,2025-10-24,Wrong item,20.38
R004358,I00075845,2025-11-19,Wrong item,18.7
R004359,I00075846,2025-02-09,Changed mind,18.17
R004360,I00075852,2025-12-31,Changed mind,53.01
R004361,I00075862,2025-12-24,Damaged,27.51
R004362,I00075871,2025-12-12,Changed mind,300.42
R004363,I00075893,2024-12-28,Changed mind,51.85
R004364,I00075923,2025-12-01,Not as expected,83.04
R004365,I00075935,2024-09-05,Changed mind,46.39
R004366,I00075945,2024-11-07,Damaged,45.75
R004367,I00075946,2024-11-27,Not as expected,18.51
R004368,I00075947,2024-11-08,Changed mind,22.03
R004369,I00075998,2024-09-18,Not as expected,48.45
R004370,I00075999,2024-10-05,Changed mind,81.3
R004371,I00076010,2025-12-31,Not as expected,615.65
R004372,I00076035,2025-08-03,Changed mind,135.93
R004373,I00076086,2023-11-14,Late delivery,23.43
R004374,I00076102,2023-02-15,Wrong item,32.88
R004375,I00076136,2025-04-19,Damaged,23.27
R004376,I00076137,2025-04-23,Wrong item,58.34
R004377,I00076177,2025-12-16,Damaged,55.45
R004378,I00076181,2025-07-09,Changed mind,11.18
R004379,I00076182,2025-06-21,Wrong item,52.34
R004380,I00076199,2024-08-28,Not as expected,23.74
R004381,I00076200,2024-09-08,Changed mind,20.46
R004382,I00076210,2025-12-17,Changed mind,18.55
R004383,I00076246,2023-12-30,Not as expected,106.4
R004384,I00076269,2023-07-15,Changed mind,84.26
R004385,I00076275,2025-12-30,Changed mind,26.7
R004386,I00076288,2025-05-27,Wrong item,23.65
R004387,I00076329,2025-10-18,Damaged,31.59
R004388,I00076330,2025-10-09,Not as expected,61.44
R004389,I00076331,2025-09-29,Wrong item,28.81
R004390,I00076332,2025-10-20,Late delivery,106.72
R004391,I00076335,2024-07-30,Not as expected,60.11
R004392,I00076377,2024-10-18,Wrong item,16.61
R004393,I00076432,2025-04-19,Changed mind,56.05
R004394,I00076435,2023-12-12,Wrong item,108.64
R004395,I00076436,2023-12-25,Changed mind,28.54
R004396,I00076437,2023-12-10,Not as expected,71.54
R004397,I00076465,2025-06-03,Damaged,37.44
R004398,I00076503,2025-12-28,Changed mind,188.28
R004399,I00076504,2025-12-31,Changed mind,109.89
R004400,I00076557,2025-01-19,Not as expected,19.97
R004401,I00076558,2025-01-10,Not as expected,25.53
R004402,I00076559,2024-12-24,Damaged,11.14
R004403,I00076560,2025-01-16,Wrong item,21.0
R004404,I00076561,2025-01-15,Changed mind,11.33
R004405,I00076631,2025-12-15,Changed mind,32.44
R004406,I00076638,2025-02-10,Damaged,42.81
R004407,I00076691,2024-08-24,Changed mind,15.45
R004408,I00076733,2024-08-11,Changed mind,23.51
R004409,I00076753,2025-09-17,Changed mind,14.71
R004410,I00076772,2024-11-19,Damaged,70.64
R004411,I00076801,2025-02-05,Not as expected,60.63
R004412,I00076805,2024-06-10,Late delivery,36.41
R004413,I00076809,2025-09-13,Not as expected,18.23
R004414,I00076844,2025-11-08,Not as expected,26.08
R004415,I00076849,2025-11-15,Changed mind,16.12
R004416,I00076850,2025-11-13,Not as expected,94.0
R004417,I00076870,2025-05-16,Late delivery,15.3
R004418,I00076888,2025-11-04,Wrong item,26.9
R004419,I00076898,2025-03-31,Wrong item,73.53
R004420,I00076931,2025-12-11,Changed mind,81.1
R004421,I00076939,2025-09-02,Changed mind,38.07
R004422,I00076954,2025-12-05,Changed mind,68.11
R004423,I00076955,2025-12-31,Not as expected,271.91
R004424,I00076956,2025-12-26,Not as expected,175.69
R004425,I00076962,2025-07-29,Not as expected,53.84
R004426,I00076963,2025-08-03,Not as expected,11.96
R004427,I00077059,2025-12-14,Damaged,56.39
R004428,I00077079,2024-09-13,Changed mind,70.54
R004429,I00077080,2024-09-19,Damaged,20.94
R004430,I00077099,2025-12-19,Changed mind,112.78
R004431,I00077102,2025-03-02,Changed mind,41.64
R004432,I00077108,2025-11-24,Not as expected,95.82
R004433,I00077109,2025-11-24,Changed mind,43.74
R004434,I00077184,2025-08-03,Damaged,14.89
R004435,I00077195,2023-04-28,Not as expected,14.48
R004436,I00077196,2023-04-24,Changed mind,23.48
R004437,I00077197,2023-05-20,Not as expected,54.84
R004438,I00077240,2024-11-22,Not as expected,61.01
R004439,I00077241,2024-11-29,Not as expected,42.29
R004440,I00077263,2025-10-16,Damaged,374.45
R004441,I00077288,2025-09-09,Not as expected,20.77
R004442,I00077289,2025-09-17,Damaged,155.73
R004443,I00077340,2024-07-07,Wrong item,15.65
R004444,I00077341,2024-07-11,Damaged,22.16
R004445,I00077342,2024-06-30,Not as expected,39.4
R004446,I00077366,2025-12-31,Not as expected,211.91
R004447,I00077367,2025-12-31,Damaged,119.32
R004448,I00077368,2025-12-31,Not as expected,84.19
R004449,I00077420,2025-11-20,Wrong item,98.93
R004450,I00077457,2025-05-03,Not as expected,24.47
R004451,I00077458,2025-05-02,Damaged,52.24
R004452,I00077459,2025-12-31,Not as expected,19.02
R004453,I00077474,2025-12-12,Not as expected,59.9
R004454,I00077477,2025-12-31,Not as expected,77.29
R004455,I00077478,2025-12-17,Not as expected,33.54
R004456,I00077515,2025-06-26,Not as expected,74.61
R004457,I00077529,2025-12-18,Not as expected,22.59
R004458,I00077531,2025-03-26,Changed mind,33.22
R004459,I00077532,2025-03-18,Late delivery,50.73
R004460,I00077596,2025-05-08,Changed mind,33.44
R004461,I00077597,2025-04-09,Damaged,69.82
R004462,I00077615,2024-12-11,Wrong item,73.52
R004463,I00077628,2025-08-30,Changed mind,142.86
R004464,I00077629,2025-08-16,Not as expected,139.39
R004465,I00077630,2024-08-15,Not as expected,22.1
R004466,I00077634,2025-12-26,Damaged,39.15
R004467,I00077640,2025-12-31,Not as expected,20.17
R004468,I00077657,2025-12-26,Not as expected,61.55
R004469,I00077658,2025-12-09,Changed mind,113.48
R004470,I00077659,2025-12-06,Not as expected,25.84
R004471,I00077661,2025-12-31,Damaged,41.85
R004472,I00077672,2025-12-31,Changed mind,59.47
R004473,I00077685,2024-10-06,Wrong item,7.9
R004474,I00077733,2023-12-31,Not as expected,37.09
R004475,I00077754,2025-05-25,Changed mind,55.04
R004476,I00077755,2025-05-30,Damaged,43.68
R004477,I00077806,2025-12-25,Not as expected,128.94
R004478,I00077807,2024-01-18,Wrong item,17.91
R004479,I00077823,2025-12-01,Changed mind,50.28
R004480,I00077850,2025-07-24,Changed mind,70.5
R004481,I00077859,2025-12-13,Not as expected,12.11
R004482,I00077908,2025-07-28,Late delivery,33.2
R004483,I00077915,2025-10-06,Late delivery,29.97
R004484,I00077925,2025-04-03,Not as expected,148.38
R004485,I00077926,2025-03-31,Wrong item,20.01
R004486,I00077927,2025-03-17,Damaged,72.57
R004487,I00077965,2025-12-31,Late delivery,23.6
R004488,I00078001,2024-03-02,Wrong item,72.58
R004489,I00078018,2025-01-03,Changed mind,13.04
R004490,I00078025,2024-11-09,Damaged,15.52
R004491,I00078026,2025-11-28,Damaged,18.47
R004492,I00078063,2025-08-28,Not as expected,44.98
R004493,I00078114,2025-12-16,Damaged,19.82
R004494,I00078115,2025-12-20,Changed mind,12.97
R004495,I00078116,2025-11-29,Not as expected,25.08
R004496,I00078117,2025-12-03,Late delivery,36.15
R004497,I00078131,2025-08-13,Changed mind,21.34
R004498,I00078139,2024-02-26,Not as expected,10.28
R004499,I00078141,2025-12-26,Changed mind,8.93
R004500,I00078142,2025-12-31,Late delivery,101.34
R004501,I00078143,2025-12-31,Damaged,22.15
R004502,I00078144,2025-12-31,Late delivery,74.4
R004503,I00078150,2024-11-10,Wrong item,11.89
R004504,I00078170,2024-04-24,Not as expected,39.01
R004505,I00078182,2025-07-07,Late delivery,36.64
R004506,I00078187,2025-07-13,Late delivery,224.75
R004507,I00078254,2025-08-05,Changed mind,59.69
R004508,I00078255,2025-08-06,Damaged,18.0
R004509,I00078256,2025-08-04,Changed mind,12.19
R004510,I00078296,2024-08-25,Not as expected,31.75
R004511,I00078297,2024-08-25,Damaged,44.96
R004512,I00078308,2025-11-29,Not as expected,15.63
R004513,I00078309,2025-12-06,Not as expected,25.55
R004514,I00078320,2025-07-07,Changed mind,36.55
R004515,I00078330,2025-02-23,Changed mind,280.91
R004516,I00078343,2025-05-27,Not as expected,12.32
R004517,I00078344,2025-06-05,Changed mind,29.31
R004518,I00078345,2025-06-05,Not as expected,365.32
R004519,I00078349,2025-08-06,Damaged,212.27
R004520,I00078356,2025-12-06,Changed mind,46.86
R004521,I00078362,2025-11-04,Damaged,91.34
R004522,I00078388,2025-11-20,Changed mind,54.16
R004523,I00078392,2025-11-26,Changed mind,22.6
R004524,I00078400,2025-05-08,Damaged,90.42
R004525,I00078415,2025-05-16,Damaged,22.39
R004526,I00078435,2025-12-20,Damaged,80.41
R004527,I00078436,2025-11-27,Not as expected,12.07
R004528,I00078437,2025-11-27,Not as expected,48.28
R004529,I00078452,2025-12-08,Changed mind,70.81
R004530,I00078453,2025-12-05,Late delivery,23.3
R004531,I00078481,2025-07-31,Changed mind,18.84
R004532,I00078495,2025-09-08,Not as expected,105.85
R004533,I00078513,2025-12-16,Not as expected,93.05
R004534,I00078538,2023-09-06,Not as expected,48.37
R004535,I00078561,2023-11-29,Wrong item,17.84
R004536,I00078562,2023-12-08,Wrong item,52.69
R004537,I00078563,2023-12-02,Changed mind,73.28
R004538,I00078564,2023-12-18,Changed mind,22.71
R004539,I00078574,2024-10-13,Changed mind,42.77
R004540,I00078587,2025-07-02,Changed mind,33.36
R004541,I00078671,2025-08-18,Wrong item,78.56
R004542,I00078674,2025-12-31,Changed mind,30.25
R004543,I00078675,2025-12-31,Changed mind,105.79
R004544,I00078676,2025-12-31,Late delivery,34.86
R004545,I00078677,2025-12-31,Late delivery,16.11
R004546,I00078708,2025-07-21,Damaged,20.61
R004547,I00078835,2025-04-06,Changed mind,29.41
R004548,I00078836,2025-04-14,Changed mind,167.86
R004549,I00078837,2025-04-10,Changed mind,45.94
R004550,I00078851,2025-12-16,Changed mind,22.36
R004551,I00078869,2024-03-23,Wrong item,42.42
R004552,I00078884,2025-01-09,Changed mind,30.65
R004553,I00078885,2025-12-20,Damaged,39.6
R004554,I00078909,2024-11-30,Wrong item,65.44
R004555,I00078971,2025-12-31,Changed mind,67.85
R004556,I00078974,2025-08-27,Changed mind,43.68
R004557,I00078987,2023-10-09,Not as expected,160.3
R004558,I00079035,2025-11-15,Wrong item,39.72
R004559,I00079036,2025-11-21,Not as expected,140.4
R004560,I00079040,2025-06-17,Not as expected,15.37
R004561,I00079041,2025-06-10,Not as expected,94.94
R004562,I00079075,2025-07-22,Not as expected,37.36
R004563,I00079084,2025-05-12,Changed mind,82.71
R004564,I00079192,2023-12-04,Not as expected,40.75
R004565,I00079193,2023-11-18,Damaged,16.33
R004566,I00079194,2023-08-08,Damaged,61.93
R004567,I00079196,2025-07-18,Not as expected,23.2
R004568,I00079217,2023-08-05,Changed mind,62.46
R004569,I00079218,2023-08-02,Not as expected,18.22
R004570,I00079219,2023-07-19,Not as expected,59.48
R004571,I00079220,2023-07-21,Damaged,46.67
R004572,I00079235,2025-01-24,Changed mind,15.34
R004573,I00079284,2025-12-31,Late delivery,23.75
R004574,I00079324,2024-06-17,Changed mind,12.07
R004575,I00079331,2024-10-15,Not as expected,20.68
R004576,I00079359,2024-06-04,Damaged,75.32
R004577,I00079441,2024-03-07,Wrong item,13.73
R004578,I00079447,2025-03-22,Damaged,34.78
R004579,I00079477,2025-12-20,Not as expected,48.24
R004580,I00079478,2025-12-03,Changed mind,71.02
R004581,I00079479,2025-12-01,Changed mind,57.66
R004582,I00079480,2025-12-19,Changed mind,136.4
R004583,I00079543,2024-04-01,Changed mind,27.08
R004584,I00079552,2025-06-12,Wrong item,21.66
R004585,I00079641,2025-01-12,Not as expected,20.51
R004586,I00079642,2025-01-18,Late delivery,30.04
R004587,I00079643,2025-12-31,Changed mind,38.61
R004588,I00079702,2025-09-06,Not as expected,24.37
R004589,I00079710,2025-06-26,Not as expected,111.34
R004590,I00079769,2025-02-10,Not as expected,19.01
R004591,I00079770,2025-02-12,Changed mind,14.9
R004592,I00079771,2025-02-18,Damaged,109.21
R004593,I00079830,2025-11-04,Damaged,79.02
R004594,I00079831,2025-10-24,Changed mind,15.49
R004595,I00079832,2025-10-18,Not as expected,63.43
R004596,I00079833,2025-10-16,Late delivery,28.66
R004597,I00079889,2024-04-18,Changed mind,15.63
R004598,I00080056,2024-02-13,Changed mind,160.11
R004599,I00080060,2025-12-31,Not as expected,27.8
R004600,I00080080,2025-07-26,Damaged,70.21
R004601,I00080081,2025-07-28,Changed mind,61.53
R004602,I00080121,2025-09-08,Not as expected,113.1
R004603,I00080122,2025-09-05,Changed mind,37.83
R004604,I00080123,2025-08-30,Changed mind,77.31
R004605,I00080155,2024-12-27,Late delivery,114.53
R004606,I00080178,2024-06-13,Changed mind,29.77
R004607,I00080195,2025-05-06,Wrong item,78.94
R004608,I00080202,2025-02-04,Late delivery,19.63
R004609,I00080204,2025-12-08,Changed mind,49.11
R004610,I00080230,2025-09-13,Changed mind,18.27
R004611,I00080231,2025-10-12,Not as expected,79.09
R004612,I00080246,2025-12-19,Late delivery,63.37
R004613,I00080336,2025-03-07,Wrong item,42.47
R004614,I00080400,2025-12-31,Not as expected,198.78
R004615,I00080425,2024-12-14,Not as expected,57.85
R004616,I00080442,2025-12-18,Changed mind,60.04
R004617,I00080447,2025-11-15,Changed mind,50.19
R004618,I00080449,2023-09-23,Not as expected,26.14
R004619,I00080458,2025-12-25,Not as expected,23.0
R004620,I00080465,2025-07-18,Wrong item,31.4
R004621,I00080474,2025-11-25,Late delivery,22.07
R004622,I00080513,2025-12-31,Changed mind,62.99
R004623,I00080549,2025-06-06,Changed mind,66.09
R004624,I00080572,2024-12-16,Late delivery,79.36
R004625,I00080580,2025-03-12,Changed mind,48.79
R004626,I00080620,2023-11-08,Changed mind,16.43
R004627,I00080635,2023-11-17,Changed mind,98.26
R004628,I00080641,2025-03-29,Not as expected,39.79
R004629,I00080653,2024-05-14,Late delivery,18.98
R004630,I00080659,2025-06-30,Not as expected,21.04
R004631,I00080684,2025-02-24,Changed mind,19.75
R004632,I00080685,2024-11-27,Damaged,28.35
R004633,I00080708,2025-11-25,Not as expected,15.22
R004634,I00080709,2025-11-27,Damaged,16.42
R004635,I00080710,2025-11-15,Changed mind,115.04
R004636,I00080711,2025-12-05,Wrong item,282.09
R004637,I00080747,2025-11-03,Changed mind,56.58
R004638,I00080748,2025-10-18,Damaged,76.5
R004639,I00080784,2025-12-03,Damaged,59.07
R004640,I00080785,2025-12-12,Damaged,21.74
R004641,I00080786,2025-12-31,Not as expected,23.04
R004642,I00080805,2025-12-23,Damaged,136.07
R004643,I00080821,2025-03-19,Late delivery,127.73
R004644,I00080822,2025-03-30,Not as expected,19.72
R004645,I00080823,2025-02-02,Changed mind,81.93
R004646,I00080824,2024-11-07,Changed mind,42.33
R004647,I00080825,2024-10-30,Changed mind,16.87
R004648,I00080830,2024-06-22,Not as expected,27.03
R004649,I00080910,2024-10-17,Changed mind,67.26
R004650,I00080919,2025-10-17,Late delivery,46.99
R004651,I00080938,2025-02-01,Changed mind,100.36
R004652,I00080939,2025-02-11,Changed mind,79.27
R004653,I00080998,2025-08-07,Late delivery,21.06
R004654,I00081000,2025-08-13,Late delivery,46.81
R004655,I00081070,2025-12-18,Changed mind,81.28
R004656,I00081092,2024-08-17,Changed mind,26.58
R004657,I00081093,2024-08-22,Changed mind,21.18
R004658,I00081127,2025-08-10,Not as expected,40.85
R004659,I00081128,2025-08-17,Not as expected,80.71
R004660,I00081151,2025-08-28,Changed mind,35.85
R004661,I00081153,2024-02-06,Not as expected,42.09
R004662,I00081183,2023-11-07,Not as expected,40.29
R004663,I00081184,2023-11-06,Changed mind,23.17
R004664,I00081230,2025-11-30,Not as expected,102.44
R004665,I00081238,2025-02-28,Late delivery,86.62
R004666,I00081405,2024-01-19,Changed mind,73.46
R004667,I00081406,2024-02-03,Damaged,16.68
R004668,I00081407,2024-01-15,Damaged,26.66
R004669,I00081411,2024-12-16,Changed mind,54.85
R004670,I00081459,2024-12-14,Not as expected,43.74
R004671,I00081495,2025-12-26,Changed mind,99.49
R004672,I00081496,2025-12-27,Not as expected,24.77
R004673,I00081515,2025-12-31,Changed mind,35.16
R004674,I00081553,2025-10-23,Changed mind,37.78
R004675,I00081554,2025-10-29,Late delivery,124.91
R004676,I00081597,2024-11-13,Not as expected,19.46
R004677,I00081598,2024-11-08,Late delivery,79.74
R004678,I00081599,2024-11-15,Late delivery,18.0
R004679,I00081635,2025-12-14,Changed mind,74.34
R004680,I00081636,2025-12-21,Changed mind,44.59
R004681,I00081637,2025-12-17,Changed mind,41.99
R004682,I00081638,2025-12-19,Not as expected,81.44
R004683,I00081639,2025-12-27,Changed mind,23.2
R004684,I00081713,2025-11-23,Not as expected,34.24
R004685,I00081718,2025-10-14,Damaged,107.04
R004686,I00081748,2025-12-31,Damaged,114.51
R004687,I00081794,2025-04-02,Changed mind,217.93
R004688,I00081800,2024-12-13,Damaged,51.3
R004689,I00081807,2024-12-28,Not as expected,26.9
R004690,I00081832,2025-05-06,Late delivery,21.72
R004691,I00081833,2025-05-05,Not as expected,18.99
R004692,I00081834,2025-12-06,Changed mind,12.49
R004693,I00081849,2024-08-02,Not as expected,32.36
R004694,I00081859,2025-06-04,Late delivery,119.03
R004695,I00081861,2024-09-18,Late delivery,13.88
R004696,I00081891,2024-10-18,Not as expected,19.09
R004697,I00081904,2025-06-13,Late delivery,41.9
R004698,I00082004,2023-10-12,Changed mind,18.86
R004699,I00082005,2023-10-08,Changed mind,10.29
R004700,I00082006,2023-09-25,Damaged,64.93
R004701,I00082007,2023-09-27,Late delivery,14.43
R004702,I00082008,2023-10-08,Not as expected,15.36
R004703,I00082010,2024-12-22,Changed mind,17.64
R004704,I00082082,2025-10-20,Not as expected,21.45
R004705,I00082098,2025-12-31,Wrong item,13.0
R004706,I00082110,2025-12-25,Changed mind,26.67
R004707,I00082128,2025-12-31,Not as expected,25.53
R004708,I00082129,2025-12-29,Damaged,23.89
R004709,I00082130,2025-12-17,Not as expected,186.61
R004710,I00082142,2025-12-31,Not as expected,23.85
R004711,I00082143,2025-11-04,Not as expected,79.05
R004712,I00082153,2025-12-31,Changed mind,84.58
R004713,I00082169,2025-11-14,Changed mind,19.78
R004714,I00082213,2025-10-31,Damaged,73.62
R004715,I00082214,2025-10-30,Damaged,16.69
R004716,I00082215,2025-10-26,Damaged,160.43
R004717,I00082306,2024-08-14,Changed mind,19.32
R004718,I00082318,2025-10-08,Changed mind,21.81
R004719,I00082350,2023-05-29,Not as expected,31.93
R004720,I00082351,2023-05-19,Changed mind,40.27
R004721,I00082354,2025-06-28,Damaged,79.48
R004722,I00082406,2025-12-03,Not as expected,113.13
R004723,I00082472,2025-06-04,Not as expected,7.99
R004724,I00082475,2025-04-22,Changed mind,106.99
R004725,I00082515,2025-02-19,Late delivery,12.4
R004726,I00082537,2025-11-02,Changed mind,63.55
R004727,I00082569,2025-12-21,Wrong item,10.37
R004728,I00082594,2024-12-23,Changed mind,20.12
R004729,I00082595,2024-12-21,Not as expected,25.41
R004730,I00082673,2025-12-28,Late delivery,24.71
R004731,I00082675,2024-12-02,Not as expected,19.72
R004732,I00082737,2024-08-13,Changed mind,12.23
R004733,I00082793,2024-09-16,Changed mind,44.64
R004734,I00082822,2025-08-20,Not as expected,101.29
R004735,I00082823,2025-08-24,Not as expected,184.44
R004736,I00082898,2023-10-24,Not as expected,72.35
R004737,I00082960,2025-05-09,Not as expected,22.32
R004738,I00082979,2023-06-26,Damaged,26.68
R004739,I00082984,2025-03-27,Changed mind,11.87
R004740,I00082985,2025-04-11,Late delivery,44.63
R004741,I00083141,2025-03-21,Damaged,20.22
R004742,I00083142,2025-03-13,Wrong item,69.45
R004743,I00083160,2025-02-28,Wrong item,14.59
R004744,I00083161,2025-11-22,Damaged,78.26
R004745,I00083189,2023-05-18,Not as expected,34.64
R004746,I00083213,2025-06-17,Damaged,14.82
R004747,I00083214,2025-06-15,Wrong item,220.34
R004748,I00083215,2025-06-09,Not as expected,18.54
R004749,I00083233,2023-12-22,Late delivery,54.51
R004750,I00083254,2025-11-07,Late delivery,106.51
R004751,I00083288,2025-08-13,Changed mind,65.6
R004752,I00083340,2025-12-31,Wrong item,50.36
R004753,I00083350,2024-10-31,Not as expected,18.47
R004754,I00083351,2024-10-17,Changed mind,124.3
R004755,I00083352,2024-10-11,Changed mind,77.62
R004756,I00083375,2024-05-18,Late delivery,95.11
R004757,I00083410,2025-07-22,Changed mind,22.85
R004758,I00083440,2024-07-20,Late delivery,19.54
R004759,I00083466,2023-11-08,Changed mind,21.24
R004760,I00083487,2024-08-31,Changed mind,37.19
R004761,I00083498,2025-09-10,Not as expected,80.6
R004762,I00083520,2025-06-15,Changed mind,8.56
R004763,I00083521,2025-07-01,Changed mind,42.24
R004764,I00083522,2025-12-31,Late delivery,54.17
R004765,I00083535,2025-12-10,Changed mind,23.1
R004766,I00083536,2025-11-28,Not as expected,96.11
R004767,I00083537,2025-12-01,Changed mind,45.16
R004768,I00083568,2025-08-08,Not as expected,64.19
R004769,I00083619,2024-10-22,Changed mind,63.32
R004770,I00083620,2024-12-06,Damaged,20.46
R004771,I00083621,2024-12-16,Changed mind,70.61
R004772,I00083629,2025-11-19,Not as expected,95.7
R004773,I00083630,2025-11-07,Changed mind,20.97
R004774,I00083685,2025-10-27,Wrong item,49.13
R004775,I00083686,2025-10-11,Changed mind,33.55
R004776,I00083698,2025-03-05,Not as expected,39.27
R004777,I00083699,2025-03-09,Changed mind,58.44
R004778,I00083700,2025-03-07,Damaged,177.09
R004779,I00083749,2024-07-15,Changed mind,106.66
R004780,I00083754,2025-09-14,Not as expected,88.63
R004781,I00083761,2024-01-23,Not as expected,11.96
R004782,I00083764,2025-11-07,Damaged,268.4
R004783,I00083783,2024-12-30,Changed mind,195.9
R004784,I00083808,2025-12-04,Changed mind,21.05
R004785,I00083827,2023-10-21,Changed mind,21.72
R004786,I00083828,2023-10-29,Changed mind,16.27
R004787,I00083859,2023-11-25,Not as expected,22.39
R004788,I00083861,2025-12-11,Changed mind,84.78
R004789,I00083878,2025-03-19,Changed mind,75.37
R004790,I00083898,2024-02-12,Not as expected,216.39
R004791,I00083936,2024-04-06,Wrong item,36.04
R004792,I00083937,2024-04-29,Not as expected,46.32
R004793,I00084039,2025-12-04,Damaged,18.17
R004794,I00084054,2025-12-06,Not as expected,30.45
R004795,I00084055,2025-11-28,Changed mind,43.69
R004796,I00084119,2025-12-12,Not as expected,38.81
R004797,I00084120,2025-12-09,Damaged,20.49
R004798,I00084121,2023-08-09,Not as expected,16.68
R004799,I00084158,2025-08-16,Late delivery,112.68
R004800,I00084161,2025-12-03,Changed mind,46.37
R004801,I00084181,2025-03-28,Changed mind,31.53
R004802,I00084182,2025-03-06,Damaged,44.24
R004803,I00084213,2023-11-15,Late delivery,64.91
R004804,I00084214,2025-05-19,Changed mind,52.15
R004805,I00084236,2023-07-30,Changed mind,23.51
R004806,I00084237,2023-08-06,Not as expected,198.6
R004807,I00084292,2025-06-07,Changed mind,38.32
R004808,I00084293,2025-06-04,Damaged,151.78
R004809,I00084327,2024-12-26,Changed mind,40.88
R004810,I00084347,2023-08-06,Late delivery,98.11
R004811,I00084348,2023-08-04,Damaged,77.35
R004812,I00084349,2023-08-10,Not as expected,14.36
R004813,I00084350,2023-07-22,Changed mind,43.01
R004814,I00084375,2025-03-26,Not as expected,456.7
R004815,I00084401,2025-08-27,Changed mind,97.21
R004816,I00084403,2025-09-04,Not as expected,27.94
R004817,I00084407,2025-12-24,Not as expected,19.5
R004818,I00084414,2025-05-31,Not as expected,22.71
R004819,I00084415,2025-06-11,Not as expected,104.09
R004820,I00084441,2025-05-04,Damaged,34.14
R004821,I00084498,2024-04-09,Damaged,29.02
R004822,I00084511,2024-12-08,Late delivery,8.29
R004823,I00084519,2025-12-31,Damaged,18.27
R004824,I00084520,2025-12-08,Damaged,112.92
R004825,I00084521,2025-12-15,Wrong item,102.14
R004826,I00084522,2025-12-11,Changed mind,24.87
R004827,I00084523,2025-12-08,Late delivery,70.07
R004828,I00084524,2025-12-14,Changed mind,12.46
R004829,I00084635,2025-12-31,Not as expected,36.52
R004830,I00084661,2023-12-27,Not as expected,44.24
R004831,I00084662,2024-01-04,Wrong item,23.76
R004832,I00084663,2024-01-25,Not as expected,24.55
R004833,I00084703,2025-06-28,Not as expected,18.52
R004834,I00084704,2025-06-14,Not as expected,11.65
R004835,I00084705,2025-07-05,Late delivery,46.73
R004836,I00084728,2025-10-24,Wrong item,135.12
R004837,I00084732,2025-10-30,Wrong item,132.47
R004838,I00084738,2025-10-06,Not as expected,95.16
R004839,I00084739,2025-09-21,Wrong item,54.96
R004840,I00084740,2025-10-01,Not as expected,17.93
R004841,I00084741,2025-10-03,Not as expected,29.03
R004842,I00084742,2025-09-23,Changed mind,74.94
R004843,I00084767,2025-12-27,Not as expected,35.71
R004844,I00084788,2025-12-20,Not as expected,96.93
R004845,I00084818,2024-11-24,Damaged,23.48
R004846,I00084833,2025-12-07,Changed mind,86.29
R004847,I00084834,2025-12-26,Changed mind,45.89
R004848,I00084835,2025-12-31,Not as expected,38.34
R004849,I00084836,2025-12-25,Late delivery,26.54
R004850,I00084837,2025-12-12,Changed mind,14.13
R004851,I00084844,2025-05-30,Not as expected,20.41
R004852,I00084845,2025-05-09,Not as expected,18.55
R004853,I00084856,2025-11-21,Damaged,37.19
R004854,I00084863,2025-04-10,Changed mind,37.89
R004855,I00084864,2025-10-14,Damaged,36.67
R004856,I00084865,2025-10-16,Not as expected,48.63
R004857,I00084866,2025-10-29,Changed mind,19.68
R004858,I00084877,2025-12-12,Wrong item,41.81
R004859,I00084878,2025-12-09,Damaged,62.1
R004860,I00084906,2025-03-02,Changed mind,80.3
R004861,I00084907,2025-03-16,Not as expected,16.09
R004862,I00084909,2025-05-11,Changed mind,77.98
R004863,I00084979,2025-11-15,Changed mind,53.83
R004864,I00084980,2025-10-28,Changed mind,22.62
R004865,I00085006,2025-05-23,Changed mind,43.31
R004866,I00085007,2025-06-21,Not as expected,55.72
R004867,I00085008,2025-05-23,Not as expected,56.05
R004868,I00085009,2025-06-02,Wrong item,18.28
R004869,I00085010,2025-06-05,Not as expected,173.22
R004870,I00085046,2025-06-19,Damaged,35.53
R004871,I00085047,2025-12-30,Damaged,46.71
R004872,I00085048,2025-12-31,Not as expected,16.22
R004873,I00085100,2025-12-12,Changed mind,66.02
R004874,I00085140,2025-12-11,Wrong item,97.79
R004875,I00085149,2025-02-22,Changed mind,29.17
R004876,I00085254,2024-12-25,Changed mind,186.22
R004877,I00085255,2025-01-01,Changed mind,72.36
R004878,I00085256,2025-01-16,Late delivery,45.44
R004879,I00085278,2023-08-03,Not as expected,25.63
R004880,I00085303,2025-07-02,Damaged,45.2
R004881,I00085304,2025-06-16,Changed mind,46.8
R004882,I00085305,2025-06-09,Changed mind,51.7
R004883,I00085313,2025-12-16,Changed mind,167.82
R004884,I00085314,2025-12-03,Not as expected,59.92
R004885,I00085351,2025-06-05,Not as expected,24.38
R004886,I00085393,2025-09-22,Not as expected,73.8
R004887,I00085397,2025-12-31,Wrong item,76.19
R004888,I00085398,2025-12-31,Late delivery,164.69
R004889,I00085408,2024-02-25,Changed mind,11.66
R004890,I00085436,2025-07-04,Late delivery,76.36
R004891,I00085472,2025-11-05,Changed mind,26.01
R004892,I00085501,2025-12-09,Late delivery,209.06
R004893,I00085502,2025-12-22,Damaged,34.81
R004894,I00085510,2025-08-12,Not as expected,22.54
R004895,I00085521,2023-12-13,Not as expected,38.11
R004896,I00085522,2023-12-21,Changed mind,159.07
R004897,I00085562,2025-11-25,Not as expected,72.43
R004898,I00085612,2024-07-22,Changed mind,32.86
R004899,I00085647,2025-09-13,Not as expected,58.33
R004900,I00085669,2025-11-21,Changed mind,102.66
R004901,I00085670,2025-12-03,Not as expected,70.93
R004902,I00085684,2025-09-07,Damaged,77.62
R004903,I00085685,2025-08-31,Changed mind,40.11
R004904,I00085700,2025-10-03,Changed mind,37.35
R004905,I00085702,2025-12-15,Not as expected,17.19
R004906,I00085773,2025-09-30,Changed mind,38.64
R004907,I00085798,2025-11-21,Changed mind,58.81
R004908,I00085841,2025-07-05,Changed mind,17.04
R004909,I00085851,2024-12-07,Damaged,15.9
R004910,I00085864,2024-08-19,Changed mind,20.13
R004911,I00085865,2024-09-14,Changed mind,112.64
R004912,I00085866,2024-12-18,Wrong item,89.01
R004913,I00085867,2024-12-17,Wrong item,30.23
R004914,I00085905,2025-11-26,Late delivery,107.24
R004915,I00085980,2025-08-07,Wrong item,84.88
R004916,I00085986,2025-12-20,Changed mind,132.55
R004917,I00085999,2024-09-16,Not as expected,20.11
R004918,I00086000,2024-09-15,Wrong item,74.77
R004919,I00086045,2024-09-13,Changed mind,48.62
R004920,I00086060,2023-09-25,Late delivery,22.89
R004921,I00086081,2025-12-02,Not as expected,38.2
R004922,I00086093,2025-09-10,Not as expected,21.57
R004923,I00086101,2024-12-25,Not as expected,47.73
R004924,I00086115,2025-07-13,Damaged,178.21
R004925,I00086116,2025-07-06,Not as expected,76.92
R004926,I00086127,2025-03-31,Late delivery,28.5
R004927,I00086128,2025-03-31,Wrong item,62.62
R004928,I00086196,2025-01-20,Not as expected,17.31
R004929,I00086197,2025-01-23,Not as expected,57.54
R004930,I00086205,2025-12-31,Not as expected,105.9
R004931,I00086237,2025-05-13,Not as expected,18.56
R004932,I00086238,2025-04-28,Late delivery,28.1
R004933,I00086240,2025-12-31,Changed mind,16.71
R004934,I00086268,2025-11-10,Damaged,8.56
R004935,I00086273,2025-09-12,Not as expected,21.95
R004936,I00086274,2025-12-11,Damaged,9.29
R004937,I00086277,2023-07-14,Changed mind,27.49
R004938,I00086290,2024-03-29,Not as expected,37.36
R004939,I00086380,2025-11-26,Changed mind,97.63
R004940,I00086477,2024-12-12,Not as expected,36.63
R004941,I00086478,2024-11-20,Changed mind,55.34
R004942,I00086479,2024-11-17,Not as expected,84.49
R004943,I00086483,2025-12-31,Not as expected,73.4
R004944,I00086512,2024-12-04,Changed mind,38.79
R004945,I00086552,2025-12-17,Damaged,23.03
R004946,I00086553,2025-12-03,Damaged,51.5
R004947,I00086554,2025-12-01,Changed mind,37.48
R004948,I00086555,2025-11-30,Wrong item,35.55
R004949,I00086575,2024-06-07,Not as expected,58.01
R004950,I00086621,2025-04-12,Damaged,21.18
R004951,I00086660,2023-05-04,Wrong item,44.41
R004952,I00086661,2024-05-09,Changed mind,54.83
R004953,I00086664,2024-11-01,Late delivery,66.97
R004954,I00086665,2025-08-25,Changed mind,29.71
R004955,I00086687,2025-12-10,Not as expected,39.29
R004956,I00086688,2025-12-24,Wrong item,489.16
R004957,I00086689,2025-12-24,Changed mind,40.07
R004958,I00086697,2025-10-19,Changed mind,16.0
R004959,I00086698,2025-11-16,Not as expected,31.02
R004960,I00086740,2024-11-28,Not as expected,25.32
R004961,I00086741,2024-12-09,Changed mind,58.87
R004962,I00086742,2024-12-19,Changed mind,12.3
R004963,I00086753,2025-12-31,Damaged,13.25
R004964,I00086780,2025-12-31,Damaged,21.74
R004965,I00086781,2023-12-24,Late delivery,12.82
R004966,I00086831,2025-12-04,Changed mind,55.41
R004967,I00086832,2025-11-12,Not as expected,14.98
R004968,I00086851,2025-07-13,Damaged,193.69
R004969,I00086907,2025-12-31,Late delivery,44.64
R004970,I00086960,2024-03-11,Damaged,33.25
R004971,I00086961,2024-03-18,Not as expected,10.93
R004972,I00086962,2024-03-25,Not as expected,7.97
R004973,I00086967,2025-06-01,Late delivery,101.36
R004974,I00086968,2025-06-03,Changed mind,21.19
R004975,I00086969,2025-06-11,Changed mind,40.13
R004976,I00086991,2025-10-25,Late delivery,23.13
R004977,I00087021,2025-10-26,Not as expected,41.07
R004978,I00087030,2025-12-31,Late delivery,40.51
R004979,I00087031,2025-12-31,Changed mind,16.38
R004980,I00087032,2025-12-31,Not as expected,119.02
R004981,I00087043,2024-08-17,Changed mind,66.34
R004982,I00087091,2025-07-30,Changed mind,12.98
R004983,I00087146,2024-11-11,Wrong item,75.71
R004984,I00087154,2025-12-08,Not as expected,39.53
R004985,I00087161,2023-12-04,Changed mind,27.23
R004986,I00087162,2023-11-17,Not as expected,61.74
R004987,I00087174,2025-12-10,Not as expected,38.04
R004988,I00087176,2025-10-03,Changed mind,22.84
R004989,I00087177,2025-10-01,Not as expected,89.4
R004990,I00087187,2025-05-29,Changed mind,12.62
R004991,I00087188,2025-06-05,Wrong item,56.2
R004992,I00087189,2025-06-23,Changed mind,49.19
R004993,I00087190,2025-06-11,Changed mind,65.2
R004994,I00087196,2023-12-25,Damaged,36.36
R004995,I00087201,2025-12-16,Not as expected,14.99
R004996,I00087211,2025-12-31,Changed mind,22.58
R004997,I00087212,2025-12-31,Wrong item,71.59
R004998,I00087213,2025-12-31,Damaged,70.96
R004999,I00087214,2025-12-31,Not as expected,112.19
R005000,I00087228,2024-01-04,Late delivery,39.21
R005001,I00087251,2025-11-06,Changed mind,38.97
R005002,I00087252,2025-10-27,Changed mind,11.28
R005003,I00087279,2023-03-09,Not as expected,34.8
R005004,I00087280,2023-03-16,Not as expected,48.95
R005005,I00087281,2023-03-28,Changed mind,80.74
R005006,I00087282,2023-03-02,Not as expected,152.98
R005007,I00087291,2025-12-16,Wrong item,48.95
R005008,I00087326,2025-03-03,Not as expected,21.59
R005009,I00087327,2025-03-22,Not as expected,141.39
R005010,I00087328,2025-03-27,Wrong item,112.56
R005011,I00087342,2024-06-19,Changed mind,11.73
R005012,I00087356,2025-12-22,Changed mind,92.68
R005013,I00087357,2025-12-31,Damaged,11.87
R005014,I00087375,2025-12-10,Changed mind,39.89
R005015,I00087404,2025-10-12,Not as expected,34.79
R005016,I00087414,2025-04-26,Changed mind,168.14
R005017,I00087421,2025-12-22,Changed mind,71.52
R005018,I00087426,2025-04-23,Not as expected,38.33
R005019,I00087427,2025-05-06,Late delivery,41.06
R005020,I00087428,2025-05-13,Not as expected,29.74
R005021,I00087429,2025-05-13,Changed mind,97.4
R005022,I00087430,2025-05-16,Not as expected,15.59
R005023,I00087439,2025-11-26,Wrong item,71.43
R005024,I00087463,2024-06-02,Changed mind,101.39
R005025,I00087464,2024-06-04,Damaged,46.65
R005026,I00087465,2024-06-10,Changed mind,12.65
R005027,I00087478,2023-09-19,Not as expected,16.78
R005028,I00087487,2025-12-30,Wrong item,34.88
R005029,I00087488,2025-12-31,Damaged,34.22
R005030,I00087489,2025-12-28,Changed mind,57.8
R005031,I00087490,2025-12-30,Not as expected,226.33
R005032,I00087491,2025-12-31,Late delivery,42.16
R005033,I00087524,2025-10-02,Not as expected,34.7
R005034,I00087525,2025-10-15,Damaged,56.92
R005035,I00087526,2025-04-18,Changed mind,23.46
R005036,I00087527,2025-04-17,Wrong item,123.33
R005037,I00087528,2025-04-23,Changed mind,35.9
R005038,I00087533,2024-03-18,Not as expected,78.65
R005039,I00087572,2025-11-18,Not as expected,37.45
R005040,I00087573,2025-11-14,Changed mind,14.3
R005041,I00087589,2024-12-23,Not as expected,15.84
R005042,I00087600,2025-12-01,Changed mind,28.61
R005043,I00087606,2025-12-08,Not as expected,77.17
R005044,I00087699,2023-07-03,Late delivery,39.29
R005045,I00087715,2025-01-17,Changed mind,163.91
R005046,I00087737,2025-12-28,Not as expected,61.35
R005047,I00087738,2025-12-11,Changed mind,30.96
R005048,I00087739,2025-06-08,Changed mind,39.15
R005049,I00087776,2025-10-11,Not as expected,194.77
R005050,I00087821,2025-02-02,Late delivery,457.31
R005051,I00087835,2025-09-26,Damaged,99.41
R005052,I00087883,2023-12-08,Changed mind,42.36
R005053,I00087894,2025-11-20,Not as expected,22.55
R005054,I00087899,2024-12-04,Not as expected,104.22
R005055,I00087928,2024-09-07,Not as expected,59.5
R005056,I00087929,2024-09-11,Changed mind,195.28
R005057,I00087943,2024-05-07,Damaged,69.17
R005058,I00087947,2024-07-20,Not as expected,24.4
R005059,I00087950,2024-08-05,Changed mind,49.67
R005060,I00087979,2024-06-06,Damaged,45.55
R005061,I00088030,2025-12-28,Wrong item,92.77
R005062,I00088053,2023-12-06,Changed mind,23.09
R005063,I00088054,2023-12-12,Late delivery,54.58
R005064,I00088075,2024-02-04,Wrong item,29.22
R005065,I00088105,2023-05-23,Not as expected,41.1
R005066,I00088112,2025-12-22,Wrong item,45.88
R005067,I00088113,2025-12-28,Damaged,25.53
R005068,I00088114,2025-12-20,Not as expected,18.71
R005069,I00088115,2025-12-17,Changed mind,82.84
R005070,I00088129,2025-12-16,Not as expected,19.99
R005071,I00088132,2025-08-20,Damaged,22.7
R005072,I00088133,2025-09-17,Changed mind,12.57
R005073,I00088134,2025-09-13,Not as expected,57.14
R005074,I00088139,2025-05-31,Changed mind,35.44
R005075,I00088148,2024-10-12,Damaged,77.19
R005076,I00088149,2024-09-26,Changed mind,31.99
R005077,I00088155,2025-04-11,Changed mind,51.08
R005078,I00088159,2025-01-19,Changed mind,71.65
R005079,I00088254,2025-05-27,Damaged,23.14
R005080,I00088258,2025-02-22,Not as expected,67.59
R005081,I00088293,2025-12-28,Damaged,41.64
R005082,I00088299,2024-05-13,Changed mind,69.44
R005083,I00088313,2025-12-24,Changed mind,206.73
R005084,I00088346,2025-12-31,Not as expected,29.05
R005085,I00088396,2025-12-31,Late delivery,8.18
R005086,I00088397,2025-12-25,Damaged,73.04
R005087,I00088405,2024-11-20,Changed mind,86.63
R005088,I00088406,2024-11-13,Not as expected,47.22
R005089,I00088411,2024-12-13,Wrong item,78.46
R005090,I00088413,2025-01-10,Changed mind,11.93
R005091,I00088415,2024-11-23,Changed mind,21.78
R005092,I00088465,2025-10-09,Late delivery,101.89
R005093,I00088466,2025-10-06,Wrong item,46.79
R005094,I00088474,2025-12-04,Damaged,102.28
R005095,I00088483,2025-12-12,Changed mind,40.56
R005096,I00088484,2025-11-29,Changed mind,14.3
R005097,I00088566,2025-01-29,Changed mind,56.33
R005098,I00088580,2025-05-28,Not as expected,34.38
R005099,I00088581,2025-06-06,Changed mind,20.89
R005100,I00088594,2025-03-31,Changed mind,46.11
R005101,I00088647,2025-12-14,Not as expected,25.77
R005102,I00088656,2025-07-04,Changed mind,38.07
R005103,I00088685,2025-12-31,Changed mind,94.0
R005104,I00088722,2025-12-23,Not as expected,91.89
R005105,I00088744,2024-09-05,Not as expected,48.21
R005106,I00088753,2024-12-18,Wrong item,15.44
R005107,I00088754,2024-12-03,Changed mind,58.04
R005108,I00088755,2024-12-31,Not as expected,72.59
R005109,I00088793,2025-01-14,Not as expected,107.39
R005110,I00088794,2025-01-09,Late delivery,22.61
R005111,I00088795,2025-01-12,Changed mind,16.88
R005112,I00088797,2023-11-12,Not as expected,90.46
R005113,I00088813,2024-01-31,Late delivery,12.8
R005114,I00088816,2025-04-25,Changed mind,27.86
R005115,I00088818,2024-12-13,Changed mind,40.94
R005116,I00088819,2024-12-14,Changed mind,31.34
R005117,I00088830,2025-10-09,Not as expected,18.87
R005118,I00088831,2025-09-30,Not as expected,17.98
R005119,I00088832,2025-10-17,Damaged,61.98
R005120,I00088833,2025-10-07,Not as expected,11.46
R005121,I00088846,2024-03-29,Changed mind,80.86
R005122,I00088877,2025-04-12,Changed mind,15.38
R005123,I00088909,2024-04-23,Damaged,20.72
R005124,I00088960,2025-11-18,Changed mind,82.08
R005125,I00088963,2025-06-02,Damaged,14.38
R005126,I00088991,2025-05-22,Not as expected,45.31
R005127,I00088999,2025-10-06,Late delivery,39.65
R005128,I00089017,2025-12-30,Damaged,29.44
R005129,I00089018,2025-12-06,Not as expected,232.65
R005130,I00089058,2025-12-31,Damaged,146.87
R005131,I00089059,2025-12-25,Damaged,88.59
R005132,I00089060,2025-12-31,Not as expected,27.71
R005133,I00089061,2025-12-31,Changed mind,23.6
R005134,I00089150,2023-06-22,Changed mind,15.22
R005135,I00089152,2025-12-11,Not as expected,25.15
R005136,I00089173,2025-10-08,Not as expected,21.54
R005137,I00089174,2025-11-03,Damaged,80.16
R005138,I00089175,2025-11-04,Late delivery,18.43
R005139,I00089204,2025-12-05,Changed mind,13.62
R005140,I00089216,2025-05-24,Changed mind,8.18
R005141,I00089217,2025-06-04,Changed mind,20.67
R005142,I00089218,2025-06-16,Not as expected,67.31
R005143,I00089220,2024-05-16,Changed mind,108.2
R005144,I00089221,2024-05-09,Damaged,15.31
R005145,I00089222,2024-07-04,Not as expected,43.58
R005146,I00089232,2025-04-26,Changed mind,40.85
R005147,I00089238,2025-12-31,Wrong item,67.5
R005148,I00089246,2024-10-05,Wrong item,106.9
R005149,I00089279,2025-11-07,Changed mind,65.36
R005150,I00089317,2024-11-28,Damaged,31.92
R005151,I00089336,2025-12-13,Damaged,186.54
R005152,I00089348,2025-05-09,Changed mind,125.82
R005153,I00089355,2025-06-17,Damaged,168.14
R005154,I00089389,2025-02-15,Wrong item,94.55
R005155,I00089392,2025-12-21,Changed mind,10.16
R005156,I00089458,2023-04-28,Damaged,39.28
R005157,I00089482,2025-04-26,Changed mind,105.25
R005158,I00089496,2024-03-19,Not as expected,90.39
R005159,I00089513,2025-12-31,Late delivery,88.6
R005160,I00089571,2025-12-31,Late delivery,59.32
R005161,I00089613,2024-10-06,Not as expected,45.77
R005162,I00089621,2025-12-31,Changed mind,90.35
R005163,I00089704,2023-12-30,Wrong item,88.82
R005164,I00089718,2025-10-22,Changed mind,50.05
R005165,I00089720,2025-11-01,Changed mind,45.13
R005166,I00089721,2025-08-16,Late delivery,11.29
R005167,I00089722,2025-08-06,Changed mind,79.92
R005168,I00089750,2024-04-03,Not as expected,35.09
R005169,I00089751,2024-04-10,Not as expected,59.8
R005170,I00089752,2024-04-03,Changed mind,18.99
R005171,I00089753,2024-04-16,Not as expected,8.6
R005172,I00089828,2025-06-20,Damaged,183.04
R005173,I00089840,2025-12-31,Not as expected,88.68
R005174,I00089844,2025-12-31,Changed mind,42.9
R005175,I00089845,2025-12-31,Damaged,39.76
R005176,I00089871,2025-10-07,Not as expected,170.93
R005177,I00089874,2025-08-11,Changed mind,75.35
R005178,I00089875,2025-08-06,Late delivery,71.56
R005179,I00089888,2025-12-17,Changed mind,37.39
R005180,I00089902,2025-08-13,Changed mind,37.18
R005181,I00089990,2024-08-28,Not as expected,152.2
R005182,I00089997,2025-10-31,Changed mind,108.02
R005183,I00090049,2024-05-20,Damaged,48.49
R005184,I00090058,2025-07-29,Not as expected,28.69
R005185,I00090064,2024-05-06,Damaged,42.21
R005186,I00090065,2024-05-09,Not as expected,45.65
R005187,I00090070,2025-11-27,Not as expected,43.64
R005188,I00090071,2025-12-31,Not as expected,162.31
R005189,I00090087,2025-11-29,Not as expected,70.63
R005190,I00090109,2024-01-02,Damaged,46.24
R005191,I00090144,2025-11-08,Late delivery,70.43
R005192,I00090190,2025-05-30,Changed mind,11.81
R005193,I00090191,2025-06-01,Changed mind,43.83
R005194,I00090239,2025-06-02,Changed mind,131.09
R005195,I00090240,2025-06-13,Damaged,89.04
R005196,I00090241,2025-05-24,Not as expected,51.9
R005197,I00090262,2024-06-05,Damaged,194.76
R005198,I00090285,2025-12-31,Changed mind,88.81
R005199,I00090322,2025-10-15,Changed mind,49.3
R005200,I00090323,2025-10-13,Wrong item,113.97
R005201,I00090394,2023-09-15,Changed mind,52.3
R005202,I00090395,2023-07-23,Changed mind,30.69
R005203,I00090400,2024-04-06,Not as expected,164.11
R005204,I00090420,2025-12-08,Changed mind,14.62
R005205,I00090421,2025-11-26,Not as expected,95.01
R005206,I00090422,2025-12-04,Changed mind,22.88
R005207,I00090431,2025-06-22,Changed mind,27.77
R005208,I00090447,2024-12-29,Changed mind,10.74
R005209,I00090448,2025-01-11,Changed mind,70.84
R005210,I00090484,2025-02-03,Not as expected,96.59
R005211,I00090485,2025-02-17,Not as expected,169.16
R005212,I00090486,2025-02-25,Late delivery,99.04
R005213,I00090487,2025-02-12,Not as expected,19.95
R005214,I00090494,2025-11-25,Changed mind,46.35
R005215,I00090504,2025-12-20,Changed mind,60.72
R005216,I00090505,2025-12-26,Damaged,62.49
R005217,I00090522,2025-12-10,Not as expected,95.03
R005218,I00090563,2024-08-13,Changed mind,36.68
R005219,I00090593,2024-12-09,Not as expected,175.18
R005220,I00090632,2025-11-29,Not as expected,18.8
R005221,I00090656,2025-09-01,Changed mind,40.72
R005222,I00090669,2024-03-07,Not as expected,32.64
R005223,I00090670,2024-03-16,Changed mind,23.42
R005224,I00090671,2024-03-07,Changed mind,33.23
R005225,I00090676,2025-03-13,Damaged,20.73
R005226,I00090677,2025-02-25,Not as expected,17.77
R005227,I00090699,2025-11-23,Changed mind,14.86
R005228,I00090758,2024-04-12,Wrong item,41.17
R005229,I00090777,2025-12-09,Not as expected,77.93
R005230,I00090785,2023-11-04,Damaged,36.42
R005231,I00090841,2025-05-11,Damaged,168.86
R005232,I00090848,2024-12-16,Not as expected,28.77
R005233,I00090849,2025-01-01,Changed mind,75.39
R005234,I00090859,2025-01-04,Late delivery,32.13
R005235,I00090881,2024-11-12,Not as expected,44.35
R005236,I00090950,2024-01-02,Not as expected,39.1
R005237,I00090960,2025-12-31,Changed mind,17.21
R005238,I00090968,2025-12-31,Wrong item,97.77
R005239,I00090969,2025-12-31,Damaged,145.57
R005240,I00091017,2024-11-23,Late delivery,27.68
R005241,I00091018,2024-11-30,Changed mind,22.77
R005242,I00091019,2024-11-22,Wrong item,37.45
R005243,I00091020,2024-11-07,Damaged,72.57
R005244,I00091044,2025-10-31,Damaged,9.99
R005245,I00091089,2025-01-07,Changed mind,25.69
R005246,I00091119,2025-08-02,Not as expected,38.79
R005247,I00091185,2025-10-22,Not as expected,63.97
R005248,I00091209,2025-06-24,Damaged,86.89
R005249,I00091225,2025-10-27,Damaged,19.16
R005250,I00091228,2023-06-27,Wrong item,94.16
R005251,I00091240,2024-11-01,Not as expected,21.79
R005252,I00091285,2025-04-06,Damaged,38.85
R005253,I00091286,2025-04-13,Late delivery,33.92
R005254,I00091287,2025-11-27,Damaged,28.29
R005255,I00091304,2025-01-20,Damaged,179.73
R005256,I00091334,2025-10-31,Wrong item,89.08
R005257,I00091353,2025-11-16,Not as expected,19.19
R005258,I00091388,2025-02-04,Not as expected,94.2
R005259,I00091443,2025-04-26,Not as expected,121.2
R005260,I00091444,2025-04-23,Changed mind,153.75
R005261,I00091445,2025-05-01,Changed mind,17.78
R005262,I00091446,2025-04-26,Late delivery,29.72
R005263,I00091455,2025-04-12,Late delivery,88.62
R005264,I00091503,2025-12-29,Not as expected,36.06
R005265,I00091506,2025-11-14,Changed mind,41.62
R005266,I00091507,2025-11-07,Not as expected,43.46
R005267,I00091597,2025-12-31,Changed mind,33.78
R005268,I00091608,2025-09-10,Not as expected,59.51
R005269,I00091627,2024-12-28,Not as expected,51.88
R005270,I00091693,2025-08-03,Changed mind,44.14
R005271,I00091703,2025-11-13,Changed mind,35.76
R005272,I00091704,2025-10-08,Damaged,23.47
R005273,I00091722,2025-06-29,Changed mind,17.06
R005274,I00091748,2025-01-28,Late delivery,248.28
R005275,I00091758,2024-02-13,Changed mind,15.69
R005276,I00091849,2025-06-30,Not as expected,73.91
R005277,I00091850,2025-06-26,Changed mind,19.16
R005278,I00091851,2025-07-02,Not as expected,27.33
R005279,I00091852,2025-06-27,Wrong item,9.33
R005280,I00091867,2025-12-15,Changed mind,19.22
R005281,I00091868,2025-12-31,Not as expected,190.42
R005282,I00091875,2025-12-30,Not as expected,13.07
R005283,I00091881,2025-12-01,Changed mind,40.87
R005284,I00091882,2025-10-07,Not as expected,37.34
R005285,I00091883,2025-10-03,Damaged,83.53
R005286,I00091884,2025-10-04,Not as expected,36.85
R005287,I00091934,2025-12-18,Damaged,70.03
R005288,I00091981,2025-12-31,Late delivery,22.26
R005289,I00091982,2025-12-31,Late delivery,44.15
R005290,I00091993,2024-06-24,Changed mind,45.83
R005291,I00092070,2025-12-29,Changed mind,19.14
R005292,I00092152,2024-09-25,Late delivery,37.84
R005293,I00092185,2024-12-06,Changed mind,13.8
R005294,I00092194,2025-12-30,Late delivery,51.23
R005295,I00092216,2025-09-03,Not as expected,18.57
R005296,I00092268,2025-05-31,Not as expected,45.06
R005297,I00092318,2025-04-17,Changed mind,45.88
R005298,I00092352,2025-12-21,Wrong item,22.03
R005299,I00092355,2023-05-08,Late delivery,16.22
R005300,I00092356,2023-05-08,Changed mind,36.97
R005301,I00092410,2025-08-19,Late delivery,33.79
R005302,I00092441,2024-05-12,Not as expected,42.85
R005303,I00092442,2024-05-28,Late delivery,160.58
R005304,I00092443,2024-05-01,Damaged,90.13
R005305,I00092444,2024-05-14,Late delivery,160.28
R005306,I00092473,2024-10-22,Changed mind,24.81
R005307,I00092477,2025-08-22,Not as expected,53.3
R005308,I00092479,2025-04-21,Changed mind,15.19
R005309,I00092529,2025-10-06,Wrong item,24.19
R005310,I00092534,2025-06-01,Changed mind,58.97
R005311,I00092535,2025-06-06,Changed mind,23.56
R005312,I00092536,2024-09-23,Changed mind,15.45
R005313,I00092551,2025-03-19,Not as expected,37.92
R005314,I00092580,2025-01-03,Late delivery,19.27
R005315,I00092581,2024-12-21,Not as expected,112.43
R005316,I00092582,2024-12-29,Changed mind,36.32
R005317,I00092583,2025-01-08,Not as expected,18.79
R005318,I00092584,2025-01-14,Wrong item,13.05
R005319,I00092588,2024-05-03,Wrong item,49.04
R005320,I00092589,2024-05-12,Late delivery,23.68
R005321,I00092590,2024-04-30,Changed mind,71.63
R005322,I00092635,2025-01-06,Damaged,51.54
R005323,I00092636,2024-12-08,Not as expected,235.93
R005324,I00092656,2025-07-11,Changed mind,24.81
R005325,I00092657,2025-07-30,Wrong item,19.79
R005326,I00092671,2025-12-01,Not as expected,90.64
R005327,I00092675,2025-08-17,Not as expected,87.91
R005328,I00092716,2025-07-31,Changed mind,210.45
R005329,I00092717,2025-08-08,Changed mind,15.74
R005330,I00092718,2025-05-16,Changed mind,18.78
R005331,I00092719,2025-05-07,Changed mind,51.86
R005332,I00092720,2025-05-30,Not as expected,13.5
R005333,I00092721,2025-05-21,Not as expected,82.48
R005334,I00092735,2025-10-17,Not as expected,97.72
R005335,I00092736,2025-10-22,Not as expected,29.86
R005336,I00092737,2025-11-13,Not as expected,192.13
R005337,I00092738,2025-10-15,Changed mind,70.88
R005338,I00092839,2025-11-05,Changed mind,24.76
R005339,I00092897,2025-12-31,Changed mind,43.69
R005340,I00092898,2025-12-31,Changed mind,22.52
R005341,I00092899,2025-12-30,Changed mind,16.7
R005342,I00092900,2025-12-25,Late delivery,24.29
R005343,I00092908,2024-07-23,Wrong item,61.76
R005344,I00092937,2025-01-22,Damaged,100.52
R005345,I00092979,2025-12-31,Changed mind,13.17
R005346,I00092980,2025-12-26,Not as expected,16.48
R005347,I00092997,2025-12-31,Late delivery,31.61
R005348,I00092998,2025-12-31,Changed mind,22.39
R005349,I00093026,2025-08-14,Changed mind,13.09
R005350,I00093064,2025-03-15,Changed mind,45.79
R005351,I00093079,2025-02-03,Not as expected,24.72
R005352,I00093096,2025-12-15,Damaged,42.13
R005353,I00093100,2024-11-27,Late delivery,83.77
R005354,I00093152,2024-12-18,Changed mind,20.15
R005355,I00093188,2024-12-19,Damaged,23.88
R005356,I00093209,2025-01-09,Late delivery,43.36
R005357,I00093290,2025-02-27,Late delivery,10.96
R005358,I00093293,2025-12-28,Not as expected,19.39
R005359,I00093340,2025-03-09,Changed mind,160.17
R005360,I00093341,2025-04-01,Not as expected,42.22
R005361,I00093342,2025-03-31,Changed mind,101.73
R005362,I00093385,2025-12-31,Late delivery,17.58
R005363,I00093386,2025-12-31,Changed mind,77.02
R005364,I00093442,2025-05-03,Damaged,28.42
R005365,I00093457,2025-09-22,Changed mind,11.36
R005366,I00093467,2025-12-31,Changed mind,207.06
R005367,I00093493,2025-12-05,Changed mind,150.87
R005368,I00093498,2025-07-29,Changed mind,18.41
R005369,I00093507,2025-04-14,Not as expected,18.65
R005370,I00093517,2025-10-30,Not as expected,42.89
R005371,I00093533,2023-12-02,Not as expected,40.04
R005372,I00093563,2024-10-06,Damaged,188.78
R005373,I00093599,2023-11-15,Changed mind,108.88
R005374,I00093657,2025-11-26,Changed mind,31.09
R005375,I00093713,2025-08-16,Not as expected,107.23
R005376,I00093714,2025-07-21,Damaged,49.14
R005377,I00093735,2025-12-31,Late delivery,132.71
R005378,I00093908,2023-11-29,Damaged,37.78
R005379,I00093924,2025-12-30,Wrong item,17.47
R005380,I00093925,2025-12-31,Late delivery,191.07
R005381,I00093926,2025-12-31,Changed mind,108.47
R005382,I00093927,2025-12-31,Not as expected,19.41
R005383,I00093949,2024-01-07,Wrong item,12.73
R005384,I00093984,2023-11-16,Changed mind,81.71
R005385,I00094017,2025-07-28,Changed mind,120.36
R005386,I00094030,2024-11-09,Damaged,17.16
R005387,I00094064,2025-12-31,Changed mind,243.74
R005388,I00094074,2025-12-22,Damaged,76.71
R005389,I00094075,2025-12-22,Damaged,67.66
R005390,I00094076,2025-12-19,Damaged,76.01
R005391,I00094077,2025-12-02,Changed mind,42.34
R005392,I00094085,2025-10-11,Damaged,41.18
R005393,I00094226,2025-09-11,Changed mind,98.06
R005394,I00094238,2024-02-07,Not as expected,35.12
R005395,I00094250,2024-12-18,Changed mind,47.33
R005396,I00094254,2025-07-30,Not as expected,64.97
R005397,I00094257,2024-08-30,Changed mind,87.62
R005398,I00094259,2025-08-24,Changed mind,45.09
R005399,I00094269,2025-12-05,Late delivery,98.61
R005400,I00094273,2025-12-24,Not as expected,52.02
R005401,I00094274,2025-12-31,Damaged,90.05
R005402,I00094321,2025-10-07,Damaged,21.05
R005403,I00094335,2025-04-20,Changed mind,21.67
R005404,I00094336,2025-05-01,Not as expected,34.62
R005405,I00094337,2025-04-01,Changed mind,106.28
R005406,I00094338,2025-04-19,Changed mind,17.32
R005407,I00094346,2025-01-02,Changed mind,174.87
R005408,I00094347,2025-01-16,Changed mind,46.05
R005409,I00094379,2025-09-16,Not as expected,61.1
R005410,I00094399,2024-08-26,Not as expected,21.3
R005411,I00094400,2023-11-23,Wrong item,17.51
R005412,I00094411,2025-05-13,Late delivery,59.46
R005413,I00094447,2025-12-28,Damaged,159.52
R005414,I00094448,2025-12-31,Changed mind,36.13
R005415,I00094449,2025-12-31,Wrong item,7.95
R005416,I00094452,2024-10-05,Not as expected,34.72
R005417,I00094469,2024-11-28,Changed mind,10.71
R005418,I00094472,2025-06-14,Damaged,34.38
R005419,I00094491,2025-12-31,Damaged,168.81
R005420,I00094492,2025-12-31,Wrong item,27.27
R005421,I00094495,2025-11-04,Wrong item,120.02
R005422,I00094496,2025-10-12,Wrong item,84.79
R005423,I00094523,2025-10-31,Wrong item,36.32
R005424,I00094524,2025-10-30,Wrong item,16.99
R005425,I00094565,2024-03-30,Damaged,452.18
R005426,I00094566,2024-03-15,Not as expected,84.64
R005427,I00094583,2025-07-20,Late delivery,74.61
R005428,I00094593,2025-12-31,Not as expected,66.59
R005429,I00094604,2024-11-19,Damaged,19.01
R005430,I00094657,2025-08-15,Wrong item,42.19
R005431,I00094706,2025-06-08,Late delivery,66.66
R005432,I00094754,2025-06-05,Not as expected,52.73
R005433,I00094793,2024-12-28,Not as expected,39.7
R005434,I00094794,2024-12-02,Not as expected,22.84
R005435,I00094795,2024-12-08,Late delivery,34.68
R005436,I00094810,2024-01-22,Wrong item,44.96
R005437,I00094811,2023-12-26,Damaged,50.07
R005438,I00094812,2023-12-27,Changed mind,13.65
R005439,I00094813,2024-01-23,Damaged,17.24
R005440,I00094826,2025-06-18,Late delivery,43.71
R005441,I00094827,2025-06-14,Late delivery,15.41
R005442,I00094828,2025-06-14,Not as expected,97.13
R005443,I00094829,2025-06-04,Changed mind,63.23
R005444,I00094830,2025-12-31,Changed mind,23.33
R005445,I00094867,2025-08-27,Not as expected,24.76
R005446,I00094909,2025-12-19,Damaged,115.08
R005447,I00094925,2024-05-01,Wrong item,34.19
R005448,I00094934,2024-12-24,Changed mind,21.79
R005449,I00094963,2025-12-02,Changed mind,11.88
R005450,I00094986,2025-12-01,Damaged,22.67
R005451,I00094997,2024-03-18,Not as expected,12.55
R005452,I00094998,2024-03-08,Damaged,54.01
R005453,I00095047,2023-07-14,Changed mind,171.47
R005454,I00095054,2025-08-04,Changed mind,17.38
R005455,I00095055,2025-08-04,Damaged,43.49
R005456,I00095056,2025-08-20,Wrong item,84.21
R005457,I00095071,2025-04-15,Changed mind,41.03
R005458,I00095072,2025-04-12,Wrong item,17.91
R005459,I00095077,2025-06-29,Changed mind,96.83
R005460,I00095126,2025-07-07,Damaged,196.08
R005461,I00095127,2025-07-11,Damaged,55.71
R005462,I00095128,2025-06-23,Not as expected,111.61
R005463,I00095129,2025-06-26,Not as expected,37.64
R005464,I00095130,2025-06-29,Changed mind,173.21
R005465,I00095132,2024-07-20,Damaged,20.31
R005466,I00095163,2025-12-31,Changed mind,30.52
R005467,I00095185,2024-07-19,Not as expected,34.71
R005468,I00095201,2025-09-13,Wrong item,22.51
R005469,I00095209,2025-09-28,Changed mind,39.49
R005470,I00095228,2025-08-14,Damaged,74.97
R005471,I00095229,2025-08-01,Changed mind,20.1
R005472,I00095300,2025-01-19,Changed mind,29.87
R005473,I00095326,2025-08-15,Changed mind,14.09
R005474,I00095341,2025-11-29,Not as expected,82.67
R005475,I00095342,2025-12-03,Damaged,26.29
R005476,I00095486,2025-10-25,Wrong item,129.61
R005477,I00095494,2025-12-05,Not as expected,49.16
R005478,I00095531,2025-02-15,Damaged,16.03
R005479,I00095564,2023-11-30,Wrong item,78.33
R005480,I00095565,2023-11-20,Changed mind,207.42
R005481,I00095610,2025-09-26,Changed mind,55.98
R005482,I00095613,2024-10-20,Not as expected,19.16
R005483,I00095614,2024-10-01,Changed mind,54.42
R005484,I00095615,2024-10-19,Changed mind,19.54
R005485,I00095689,2025-07-27,Late delivery,23.53
R005486,I00095705,2025-12-20,Damaged,25.6
R005487,I00095707,2025-02-01,Changed mind,16.38
R005488,I00095722,2024-09-28,Not as expected,38.25
R005489,I00095723,2024-09-14,Wrong item,33.15
R005490,I00095724,2024-09-07,Not as expected,12.48
R005491,I00095725,2024-10-01,Changed mind,202.8
R005492,I00095738,2024-05-17,Changed mind,23.96
R005493,I00095739,2024-05-12,Damaged,39.46
R005494,I00095740,2024-05-11,Damaged,17.54
R005495,I00095747,2025-12-16,Not as expected,95.45
R005496,I00095748,2025-12-26,Changed mind,32.4
R005497,I00095749,2025-12-31,Changed mind,76.07
R005498,I00095750,2025-12-19,Changed mind,25.05
R005499,I00095759,2025-12-10,Damaged,35.14
R005500,I00095826,2025-06-07,Damaged,29.87
R005501,I00095856,2024-07-10,Not as expected,26.65
R005502,I00095872,2025-12-04,Late delivery,109.57
R005503,I00095921,2025-12-05,Late delivery,9.27
R005504,I00095922,2025-12-01,Changed mind,104.96
R005505,I00095938,2023-10-27,Changed mind,12.44
R005506,I00095949,2023-10-08,Wrong item,27.23
R005507,I00095959,2025-05-21,Changed mind,19.14
R005508,I00095975,2025-12-20,Damaged,80.47
R005509,I00096023,2025-10-19,Changed mind,73.08
R005510,I00096024,2025-10-27,Wrong item,115.22
R005511,I00096025,2025-10-28,Changed mind,216.01
R005512,I00096026,2025-10-27,Changed mind,33.44
R005513,I00096027,2025-10-20,Changed mind,47.16
R005514,I00096053,2024-12-05,Late delivery,73.97
R005515,I00096084,2024-08-14,Not as expected,21.64
R005516,I00096088,2024-12-20,Changed mind,37.43
R005517,I00096089,2024-12-02,Not as expected,34.16
R005518,I00096094,2025-12-28,Not as expected,187.71
R005519,I00096123,2025-04-11,Late delivery,40.89
R005520,I00096226,2025-12-31,Changed mind,29.88
R005521,I00096244,2025-09-25,Damaged,9.61
R005522,I00096327,2025-12-02,Not as expected,104.16
R005523,I00096328,2025-12-10,Wrong item,37.8
R005524,I00096362,2025-05-09,Damaged,62.22
R005525,I00096371,2024-02-14,Damaged,256.67
R005526,I00096397,2023-10-18,Not as expected,231.62
R005527,I00096432,2025-07-12,Not as expected,45.84
R005528,I00096433,2025-06-29,Late delivery,28.67
R005529,I00096473,2025-12-11,Late delivery,101.86
R005530,I00096474,2025-11-30,Not as expected,30.77
R005531,I00096538,2023-08-29,Changed mind,27.42
R005532,I00096579,2025-12-15,Not as expected,20.3
R005533,I00096592,2024-07-05,Wrong item,298.63
R005534,I00096612,2024-11-12,Wrong item,36.26
R005535,I00096626,2025-11-19,Not as expected,47.4
R005536,I00096627,2025-11-25,Not as expected,15.59
R005537,I00096650,2024-03-31,Late delivery,38.64
R005538,I00096671,2025-12-17,Not as expected,72.74
R005539,I00096748,2025-02-20,Changed mind,9.17
R005540,I00096843,2023-02-03,Not as expected,22.5
R005541,I00096873,2025-12-16,Not as expected,73.05
R005542,I00096877,2024-12-26,Late delivery,79.84
R005543,I00096878,2025-01-07,Not as expected,19.56
R005544,I00096888,2025-11-16,Changed mind,71.68
R005545,I00096893,2025-05-24,Changed mind,56.15
R005546,I00096970,2023-12-28,Not as expected,86.9
R005547,I00096971,2025-07-19,Not as expected,78.17
R005548,I00096972,2025-07-17,Changed mind,29.03
R005549,I00096981,2024-02-01,Changed mind,49.93
R005550,I00097036,2025-11-25,Not as expected,81.32
R005551,I00097062,2025-11-12,Not as expected,21.09
R005552,I00097063,2025-11-16,Changed mind,81.7
R005553,I00097064,2025-11-15,Changed mind,32.97
R005554,I00097124,2025-12-31,Changed mind,44.17
R005555,I00097125,2025-12-31,Changed mind,70.81
R005556,I00097126,2025-12-31,Changed mind,91.64
R005557,I00097127,2025-12-31,Damaged,26.58
R005558,I00097128,2025-12-31,Not as expected,18.21
R005559,I00097130,2025-07-12,Changed mind,98.58
R005560,I00097153,2025-07-03,Changed mind,17.23
R005561,I00097164,2024-08-09,Not as expected,86.64
R005562,I00097165,2024-08-05,Not as expected,25.92
R005563,I00097166,2024-08-13,Damaged,33.3
R005564,I00097185,2025-05-02,Changed mind,30.93
R005565,I00097189,2024-05-29,Damaged,39.22
R005566,I00097191,2024-10-10,Not as expected,18.07
R005567,I00097192,2024-10-02,Changed mind,40.13
R005568,I00097206,2025-07-01,Late delivery,13.29
R005569,I00097207,2025-12-31,Changed mind,13.46
R005570,I00097208,2025-12-31,Not as expected,62.42
R005571,I00097229,2023-05-31,Changed mind,45.38
R005572,I00097304,2024-12-15,Wrong item,42.08
R005573,I00097305,2024-12-19,Damaged,82.63
R005574,I00097306,2024-11-24,Late delivery,55.89
R005575,I00097307,2024-12-22,Changed mind,47.5
R005576,I00097325,2025-12-26,Damaged,375.93
R005577,I00097380,2025-11-13,Damaged,26.55
R005578,I00097415,2024-06-06,Not as expected,69.79
R005579,I00097445,2024-11-27,Changed mind,42.7
R005580,I00097456,2024-05-30,Changed mind,42.85
R005581,I00097471,2025-03-14,Changed mind,142.74
R005582,I00097482,2025-12-31,Not as expected,34.19
R005583,I00097483,2025-12-27,Not as expected,21.1
R005584,I00097484,2025-10-14,Damaged,162.47
R005585,I00097485,2025-09-13,Changed mind,10.96
R005586,I00097486,2025-10-12,Not as expected,28.0
R005587,I00097489,2025-10-14,Not as expected,18.87
R005588,I00097490,2025-10-07,Changed mind,38.6
R005589,I00097492,2024-10-02,Wrong item,31.39
R005590,I00097537,2024-09-18,Late delivery,10.31
R005591,I00097568,2025-08-19,Changed mind,40.49
R005592,I00097576,2024-10-10,Not as expected,23.96
R005593,I00097577,2025-10-14,Wrong item,218.55
R005594,I00097603,2025-12-03,Wrong item,35.99
R005595,I00097635,2024-11-22,Wrong item,83.98
R005596,I00097636,2025-06-03,Wrong item,46.79
R005597,I00097645,2025-08-19,Damaged,55.25
R005598,I00097731,2025-11-20,Changed mind,51.25
R005599,I00097740,2025-07-29,Changed mind,29.7
R005600,I00097756,2024-12-02,Damaged,27.54
R005601,I00097757,2024-11-29,Not as expected,42.93
R005602,I00097768,2024-12-12,Changed mind,10.67
R005603,I00097797,2025-11-29,Late delivery,20.97
R005604,I00097845,2025-07-27,Not as expected,76.94
R005605,I00097848,2025-09-17,Late delivery,103.46
R005606,I00097881,2025-11-09,Damaged,26.13
R005607,I00097882,2025-10-04,Wrong item,61.52
R005608,I00097905,2024-10-21,Late delivery,57.55
R005609,I00097926,2025-12-01,Changed mind,37.15
R005610,I00097953,2024-01-24,Wrong item,15.45
R005611,I00097965,2024-12-17,Damaged,108.72
R005612,I00097968,2025-03-28,Not as expected,103.04
R005613,I00097975,2025-11-23,Not as expected,123.43
R005614,I00097988,2023-07-30,Not as expected,18.8
R005615,I00098004,2025-05-09,Not as expected,14.29
R005616,I00098006,2023-11-12,Changed mind,38.26
R005617,I00098018,2025-08-11,Not as expected,32.57
R005618,I00098082,2025-11-04,Not as expected,129.88
R005619,I00098084,2025-12-31,Changed mind,88.51
R005620,I00098085,2025-12-31,Damaged,34.42
R005621,I00098147,2025-11-05,Not as expected,203.65
R005622,I00098234,2025-12-09,Changed mind,43.14
R005623,I00098236,2025-12-15,Wrong item,16.86
R005624,I00098241,2025-06-17,Changed mind,83.34
R005625,I00098275,2023-09-16,Late delivery,50.18
R005626,I00098289,2025-05-28,Wrong item,24.55
R005627,I00098290,2025-06-02,Damaged,70.69
R005628,I00098333,2023-12-16,Damaged,34.15
R005629,I00098342,2025-03-23,Changed mind,90.31
R005630,I00098351,2025-12-01,Not as expected,22.46
R005631,I00098439,2025-10-01,Changed mind,40.67
R005632,I00098445,2024-01-03,Changed mind,84.29
R005633,I00098486,2023-03-26,Changed mind,36.79
R005634,I00098490,2025-12-26,Not as expected,32.85
R005635,I00098520,2025-08-05,Not as expected,76.09
R005636,I00098564,2024-08-08,Damaged,42.21
R005637,I00098582,2025-07-17,Damaged,41.08
R005638,I00098583,2025-07-03,Not as expected,413.25
R005639,I00098584,2025-07-19,Changed mind,66.8
R005640,I00098585,2025-07-26,Changed mind,33.87
R005641,I00098607,2024-03-30,Not as expected,10.03
R005642,I00098621,2025-12-31,Changed mind,200.3
R005643,I00098679,2025-07-22,Wrong item,124.6
R005644,I00098729,2025-10-09,Not as expected,21.68
R005645,I00098754,2025-10-10,Not as expected,166.94
R005646,I00098775,2025-01-03,Not as expected,157.55
R005647,I00098794,2023-08-30,Not as expected,74.18
R005648,I00098795,2023-09-23,Damaged,189.51
R005649,I00098796,2023-09-04,Changed mind,41.79
R005650,I00098808,2025-10-23,Not as expected,69.41
R005651,I00098809,2025-10-23,Changed mind,194.6
R005652,I00098810,2025-10-11,Not as expected,56.49
R005653,I00098811,2025-10-21,Changed mind,85.13
R005654,I00098840,2025-12-19,Changed mind,147.83
R005655,I00098848,2025-12-31,Not as expected,27.17
R005656,I00098849,2025-12-31,Damaged,121.8
R005657,I00098870,2025-08-30,Not as expected,25.23
R005658,I00098892,2025-12-16,Not as expected,47.57
R005659,I00098905,2024-08-30,Wrong item,23.82
R005660,I00098906,2025-01-16,Damaged,7.54
R005661,I00098907,2025-01-17,Damaged,30.68
R005662,I00098908,2025-01-16,Late delivery,17.69
R005663,I00098909,2025-01-17,Not as expected,55.84
R005664,I00098923,2025-11-23,Damaged,43.17
R005665,I00098957,2025-09-18,Late delivery,44.53
R005666,I00098958,2025-09-05,Changed mind,413.81
R005667,I00099048,2025-11-13,Not as expected,8.58
R005668,I00099051,2025-12-31,Damaged,29.66
R005669,I00099057,2025-12-10,Not as expected,89.49
R005670,I00099128,2024-12-05,Wrong item,26.59
R005671,I00099129,2024-12-24,Changed mind,187.43
R005672,I00099147,2025-01-23,Changed mind,60.27
R005673,I00099148,2025-02-21,Late delivery,79.03
R005674,I00099152,2024-11-11,Not as expected,77.29
R005675,I00099153,2024-11-06,Not as expected,62.04
R005676,I00099169,2025-04-13,Changed mind,87.29
R005677,I00099200,2025-05-18,Damaged,76.84
R005678,I00099201,2025-04-28,Changed mind,32.87
R005679,I00099271,2025-11-13,Wrong item,151.32
R005680,I00099283,2025-12-04,Not as expected,82.73
R005681,I00099310,2025-03-22,Not as expected,12.35
R005682,I00099311,2025-04-02,Wrong item,45.78
R005683,I00099326,2025-01-07,Changed mind,17.56
R005684,I00099327,2025-01-19,Wrong item,48.2
R005685,I00099328,2025-01-14,Changed mind,35.61
R005686,I00099329,2025-01-13,Late delivery,77.67
R005687,I00099334,2025-12-28,Not as expected,39.41
R005688,I00099364,2024-02-24,Changed mind,125.26
R005689,I00099365,2024-03-24,Not as expected,21.96
R005690,I00099366,2024-02-25,Changed mind,43.3
R005691,I00099374,2024-12-21,Changed mind,57.52
R005692,I00099380,2025-05-17,Damaged,81.58
R005693,I00099381,2025-06-04,Not as expected,48.62
R005694,I00099424,2025-12-21,Damaged,46.66
R005695,I00099425,2025-12-07,Late delivery,34.68
R005696,I00099426,2025-12-14,Not as expected,79.49
R005697,I00099444,2025-10-09,Wrong item,20.81
R005698,I00099445,2025-10-11,Changed mind,29.42
R005699,I00099457,2025-12-31,Changed mind,37.99
R005700,I00099497,2023-09-09,Late delivery,29.61
R005701,I00099527,2025-12-17,Damaged,47.67
R005702,I00099528,2025-12-21,Late delivery,39.24
R005703,I00099529,2025-12-31,Not as expected,43.97
R005704,I00099530,2025-12-17,Changed mind,37.5
R005705,I00099531,2025-12-24,Changed mind,16.39
R005706,I00099536,2024-12-05,Damaged,158.24
R005707,I00099537,2024-11-11,Changed mind,40.15
R005708,I00099562,2025-12-31,Damaged,45.82
R005709,I00099563,2025-12-22,Wrong item,18.81
R005710,I00099591,2023-12-24,Changed mind,72.43
R005711,I00099601,2025-10-14,Not as expected,28.49
R005712,I00099602,2025-09-26,Late delivery,25.31
R005713,I00099617,2025-12-23,Not as expected,56.78
R005714,I00099626,2025-11-28,Changed mind,23.63
R005715,I00099649,2025-08-27,Wrong item,128.63
R005716,I00099650,2025-09-03,Late delivery,51.31
R005717,I00099651,2025-09-10,Changed mind,57.98
R005718,I00099729,2025-05-17,Damaged,51.81
R005719,I00099733,2025-12-01,Changed mind,76.2
R005720,I00099742,2025-04-22,Changed mind,20.15
R005721,I00099752,2025-07-07,Damaged,246.48
R005722,I00099783,2025-04-18,Damaged,26.92
R005723,I00099784,2025-05-05,Damaged,66.25
R005724,I00099785,2025-04-15,Not as expected,11.07
R005725,I00099786,2025-05-03,Wrong item,221.26
R005726,I00099794,2024-03-25,Not as expected,65.91
R005727,I00099820,2025-12-31,Not as expected,120.89
R005728,I00099821,2025-12-19,Not as expected,41.43
R005729,I00099899,2025-12-31,Not as expected,73.08
R005730,I00099902,2025-08-19,Changed mind,33.77
R005731,I00099948,2024-07-12,Not as expected,70.68
R005732,I00099949,2024-07-29,Damaged,15.36
R005733,I00099950,2024-08-05,Changed mind,174.12
R005734,I00099951,2024-07-29,Changed mind,80.44
R005735,I00099968,2024-08-28,Not as expected,112.86
R005736,I00099999,2025-09-28,Wrong item,23.31
R005737,I00100000,2025-10-22,Damaged,11.59
R005738,I00100001,2025-09-28,Not as expected,27.76
R005739,I00100002,2025-10-01,Changed mind,165.62
R005740,I00100005,2024-12-28,Changed mind,42.61
R005741,I00100055,2025-01-04,Not as expected,13.96
R005742,I00100056,2024-12-25,Damaged,11.23
R005743,I00100057,2024-12-24,Changed mind,15.01
R005744,I00100096,2025-12-19,Changed mind,91.99
R005745,I00100097,2025-12-22,Not as expected,66.03
R005746,I00100098,2025-12-13,Damaged,80.68
R005747,I00100103,2025-03-28,Wrong item,169.49
R005748,I00100104,2025-04-05,Changed mind,11.78
R005749,I00100113,2025-12-03,Changed mind,46.75
R005750,I00100122,2025-12-03,Changed mind,134.01
R005751,I00100123,2025-12-17,Not as expected,96.42
R005752,I00100157,2025-12-31,Not as expected,86.79
R005753,I00100194,2024-08-20,Late delivery,37.64
R005754,I00100215,2025-12-14,Changed mind,22.48
R005755,I00100291,2023-09-05,Changed mind,20.0
R005756,I00100292,2023-09-10,Late delivery,25.24
R005757,I00100293,2023-09-28,Late delivery,14.99
R005758,I00100294,2023-09-10,Late delivery,18.18
R005759,I00100295,2023-09-18,Changed mind,152.04
R005760,I00100299,2025-12-31,Late delivery,88.56
R005761,I00100349,2025-12-17,Damaged,102.62
R005762,I00100378,2025-12-31,Not as expected,35.19
R005763,I00100379,2025-12-31,Not as expected,98.61
R005764,I00100411,2024-09-25,Damaged,17.12
R005765,I00100412,2024-10-04,Not as expected,42.05
R005766,I00100428,2024-03-09,Changed mind,38.27
R005767,I00100431,2023-11-27,Not as expected,51.75
R005768,I00100442,2024-12-03,Changed mind,22.28
R005769,I00100443,2024-11-22,Changed mind,9.03
R005770,I00100466,2025-09-13,Changed mind,13.03
R005771,I00100483,2025-10-14,Late delivery,16.86
R005772,I00100484,2025-09-15,Not as expected,21.57
R005773,I00100485,2025-10-07,Not as expected,97.33
R005774,I00100518,2023-09-06,Changed mind,12.61
R005775,I00100539,2025-09-26,Not as expected,143.24
R005776,I00100572,2025-11-30,Late delivery,17.22
R005777,I00100593,2025-12-02,Damaged,27.76
R005778,I00100620,2024-06-18,Damaged,15.18
R005779,I00100658,2025-03-18,Changed mind,70.21
R005780,I00100660,2025-12-26,Changed mind,27.58
R005781,I00100685,2025-06-18,Changed mind,15.78
R005782,I00100690,2025-12-26,Wrong item,19.78
R005783,I00100691,2025-12-12,Changed mind,108.86
R005784,I00100693,2025-05-14,Wrong item,15.04
R005785,I00100740,2025-06-12,Late delivery,15.54
R005786,I00100741,2025-05-28,Late delivery,86.81
R005787,I00100742,2025-05-31,Damaged,36.25
R005788,I00100796,2025-04-23,Damaged,25.66
R005789,I00100804,2025-08-20,Changed mind,75.68
R005790,I00100832,2025-06-11,Changed mind,19.85
R005791,I00100833,2025-12-31,Damaged,110.69
R005792,I00100834,2025-12-22,Changed mind,42.05
R005793,I00100843,2024-05-26,Wrong item,84.24
R005794,I00100844,2024-06-04,Not as expected,169.92
R005795,I00100845,2024-05-15,Late delivery,22.01
R005796,I00100849,2025-12-23,Changed mind,14.45
R005797,I00100850,2025-12-19,Late delivery,47.2
R005798,I00100870,2025-12-31,Not as expected,21.7
R005799,I00100871,2025-12-31,Not as expected,72.46
R005800,I00100872,2025-12-31,Wrong item,25.64
R005801,I00100873,2025-12-31,Changed mind,66.15
R005802,I00100957,2025-12-07,Late delivery,18.62
R005803,I00100958,2025-12-07,Not as expected,72.84
R005804,I00101029,2024-02-16,Changed mind,63.7
R005805,I00101077,2025-06-02,Changed mind,23.57
R005806,I00101088,2025-12-15,Late delivery,77.36
R005807,I00101106,2025-04-28,Not as expected,40.17
R005808,I00101164,2025-12-19,Changed mind,8.94
R005809,I00101165,2025-12-22,Changed mind,28.28
R005810,I00101212,2025-12-28,Wrong item,53.5
R005811,I00101213,2025-12-28,Changed mind,75.59
R005812,I00101220,2025-12-13,Changed mind,22.49
R005813,I00101251,2024-12-29,Changed mind,39.09
R005814,I00101282,2024-12-13,Changed mind,20.86
R005815,I00101299,2025-10-10,Changed mind,14.9
R005816,I00101375,2025-06-02,Not as expected,11.15
R005817,I00101376,2025-06-04,Changed mind,37.28
R005818,I00101385,2025-11-12,Changed mind,81.79
R005819,I00101438,2025-05-22,Late delivery,51.71
R005820,I00101457,2025-10-13,Late delivery,66.31
R005821,I00101458,2025-09-20,Damaged,43.35
R005822,I00101487,2025-11-20,Damaged,24.61
R005823,I00101504,2025-12-27,Late delivery,196.17
R005824,I00101509,2025-11-30,Wrong item,29.42
R005825,I00101543,2025-12-18,Not as expected,53.28
R005826,I00101596,2023-11-01,Changed mind,17.97
R005827,I00101605,2025-05-25,Changed mind,23.71
R005828,I00101652,2025-12-31,Not as expected,27.0
R005829,I00101684,2024-04-10,Changed mind,161.59
R005830,I00101685,2024-04-19,Wrong item,86.76
R005831,I00101686,2024-04-12,Changed mind,39.13
R005832,I00101687,2024-04-18,Damaged,39.47
R005833,I00101725,2024-09-21,Changed mind,27.85
R005834,I00101728,2025-01-26,Damaged,52.85
R005835,I00101729,2025-01-22,Damaged,14.49
R005836,I00101784,2024-01-03,Changed mind,32.82
R005837,I00101854,2025-10-09,Wrong item,38.67
R005838,I00101855,2025-09-14,Not as expected,21.46
R005839,I00101886,2024-08-07,Not as expected,27.21
R005840,I00101978,2025-03-28,Late delivery,8.44
R005841,I00101993,2025-07-09,Changed mind,24.27
R005842,I00102006,2025-12-14,Late delivery,54.49
R005843,I00102011,2025-12-26,Late delivery,28.43
R005844,I00102081,2025-01-10,Not as expected,75.11
R005845,I00102107,2025-06-06,Damaged,21.56
R005846,I00102150,2025-09-16,Not as expected,68.0
R005847,I00102160,2025-10-20,Changed mind,161.19
R005848,I00102166,2025-10-31,Damaged,85.33
R005849,I00102167,2025-11-05,Changed mind,42.38
R005850,I00102192,2025-12-31,Changed mind,47.89
R005851,I00102193,2025-12-31,Changed mind,45.31
R005852,I00102194,2025-12-31,Changed mind,45.87
R005853,I00102226,2025-07-26,Not as expected,41.49
R005854,I00102305,2025-12-21,Changed mind,22.41
R005855,I00102306,2025-12-17,Late delivery,39.11
R005856,I00102333,2024-08-12,Damaged,18.08
R005857,I00102342,2025-12-08,Damaged,22.02
R005858,I00102347,2025-12-29,Not as expected,30.9
R005859,I00102376,2025-03-09,Not as expected,56.95
R005860,I00102377,2025-03-22,Not as expected,19.6
R005861,I00102397,2025-12-05,Late delivery,73.22
R005862,I00102479,2024-12-09,Not as expected,31.52
R005863,I00102489,2025-07-05,Not as expected,64.36
R005864,I00102490,2025-06-13,Not as expected,85.11
R005865,I00102491,2025-06-30,Damaged,73.17
R005866,I00102492,2025-07-02,Changed mind,270.06
R005867,I00102493,2025-07-01,Late delivery,21.99
R005868,I00102494,2025-12-14,Wrong item,30.84
R005869,I00102505,2025-02-21,Damaged,15.98
R005870,I00102548,2025-12-31,Not as expected,36.7
R005871,I00102549,2025-12-18,Wrong item,14.6
R005872,I00102646,2025-05-20,Damaged,21.25
R005873,I00102675,2025-09-11,Damaged,190.16
R005874,I00102684,2025-12-20,Wrong item,21.14
R005875,I00102699,2025-09-30,Damaged,234.84
R005876,I00102700,2025-10-19,Not as expected,37.51
R005877,I00102723,2025-11-27,Damaged,168.4
R005878,I00102724,2025-12-11,Wrong item,214.08
R005879,I00102725,2025-11-09,Not as expected,10.57
R005880,I00102739,2025-08-05,Changed mind,44.12
R005881,I00102763,2025-12-31,Not as expected,25.88
R005882,I00102764,2025-12-31,Late delivery,50.3
R005883,I00102770,2025-03-29,Not as expected,33.41
R005884,I00102917,2025-08-28,Late delivery,12.96
R005885,I00102942,2025-08-26,Not as expected,39.33
R005886,I00102943,2025-08-24,Not as expected,23.43
R005887,I00102946,2025-08-19,Changed mind,138.57
R005888,I00102990,2025-12-31,Changed mind,57.83
R005889,I00103005,2023-11-26,Changed mind,18.95
R005890,I00103006,2023-11-10,Damaged,26.25
R005891,I00103033,2025-08-08,Changed mind,43.24
R005892,I00103063,2024-07-20,Changed mind,32.19
R005893,I00103068,2025-11-26,Wrong item,71.01
R005894,I00103100,2025-11-25,Damaged,200.53
R005895,I00103101,2025-12-04,Wrong item,432.16
R005896,I00103130,2025-12-18,Damaged,23.49
R005897,I00103155,2025-10-25,Not as expected,67.44
R005898,I00103156,2025-09-30,Not as expected,72.93
R005899,I00103167,2025-12-23,Wrong item,61.91
R005900,I00103202,2025-06-08,Late delivery,36.68
R005901,I00103265,2025-12-20,Damaged,60.93
R005902,I00103314,2024-07-15,Damaged,251.45
R005903,I00103315,2024-07-06,Changed mind,83.08
R005904,I00103328,2025-12-26,Not as expected,9.8
R005905,I00103375,2024-05-16,Changed mind,42.43
R005906,I00103395,2023-07-17,Not as expected,19.05
R005907,I00103410,2025-12-16,Late delivery,28.14
R005908,I00103487,2025-01-01,Changed mind,63.88
R005909,I00103523,2025-10-17,Changed mind,24.78
R005910,I00103555,2025-08-04,Not as expected,18.84
R005911,I00103563,2025-06-01,Changed mind,39.27
R005912,I00103610,2025-12-31,Not as expected,98.15
R005913,I00103618,2025-12-31,Not as expected,60.18
R005914,I00103645,2025-01-08,Changed mind,35.21
R005915,I00103647,2024-09-07,Late delivery,67.64
R005916,I00103663,2025-12-14,Not as expected,69.56
R005917,I00103706,2025-05-19,Changed mind,17.85
R005918,I00103710,2025-08-17,Not as expected,98.53
R005919,I00103711,2025-08-31,Not as expected,18.64
R005920,I00103712,2025-09-08,Not as expected,27.48
R005921,I00103728,2025-12-31,Changed mind,48.08
R005922,I00103734,2023-12-27,Wrong item,46.5
R005923,I00103739,2025-12-08,Changed mind,65.82
R005924,I00103779,2025-12-01,Late delivery,65.42
R005925,I00103805,2023-07-05,Wrong item,22.0
R005926,I00103827,2025-08-27,Wrong item,92.4
R005927,I00103840,2024-03-01,Changed mind,35.34
R005928,I00103925,2025-12-31,Not as expected,46.42
R005929,I00103926,2025-07-07,Changed mind,16.54
R005930,I00103927,2025-07-08,Late delivery,105.28
R005931,I00103949,2024-10-19,Changed mind,30.9
R005932,I00103950,2025-04-10,Not as expected,17.66
R005933,I00103965,2024-11-12,Changed mind,34.11
R005934,I00103973,2025-08-25,Not as expected,41.91
R005935,I00103974,2025-08-20,Wrong item,37.36
R005936,I00103975,2025-07-25,Damaged,78.34
R005937,I00103976,2025-08-21,Late delivery,24.85
R005938,I00104072,2025-11-21,Changed mind,38.5
R005939,I00104148,2024-04-06,Not as expected,31.48
R005940,I00104154,2025-10-23,Damaged,44.37
R005941,I00104173,2025-12-28,Damaged,41.84
R005942,I00104207,2025-01-30,Changed mind,40.82
R005943,I00104220,2025-12-31,Changed mind,46.99
R005944,I00104317,2025-07-12,Damaged,75.45
R005945,I00104318,2025-08-08,Changed mind,17.26
R005946,I00104319,2025-07-26,Wrong item,56.61
R005947,I00104329,2025-04-21,Changed mind,20.86
R005948,I00104335,2025-03-25,Late delivery,23.69
R005949,I00104337,2025-08-12,Not as expected,78.29
R005950,I00104364,2025-01-03,Not as expected,48.33
R005951,I00104463,2025-11-06,Changed mind,90.4
R005952,I00104492,2025-08-20,Not as expected,428.03
R005953,I00104493,2025-09-15,Not as expected,183.68
R005954,I00104515,2025-12-31,Changed mind,17.51
R005955,I00104530,2025-12-12,Late delivery,104.81
R005956,I00104531,2025-11-15,Late delivery,54.18
R005957,I00104532,2025-11-30,Not as expected,92.85
R005958,I00104533,2025-04-17,Late delivery,98.01
R005959,I00104535,2025-04-09,Not as expected,70.99
R005960,I00104536,2025-04-14,Changed mind,18.04
R005961,I00104560,2024-12-29,Changed mind,44.01
R005962,I00104567,2025-04-12,Damaged,53.75
R005963,I00104588,2024-12-06,Wrong item,49.52
R005964,I00104589,2024-12-05,Not as expected,44.59
R005965,I00104603,2025-02-25,Changed mind,85.9
R005966,I00104604,2025-02-14,Changed mind,81.16
R005967,I00104605,2025-02-11,Late delivery,40.16
R005968,I00104606,2025-02-12,Damaged,22.75
R005969,I00104642,2024-12-16,Changed mind,21.38
R005970,I00104643,2025-03-07,Late delivery,88.99
R005971,I00104644,2025-03-03,Not as expected,56.27
R005972,I00104645,2025-07-10,Changed mind,46.67
R005973,I00104666,2024-11-26,Damaged,34.67
R005974,I00104698,2025-10-29,Late delivery,50.95
R005975,I00104765,2025-07-25,Wrong item,58.42
R005976,I00104848,2023-11-04,Not as expected,104.71
R005977,I00104850,2025-11-03,Not as expected,78.84
R005978,I00104851,2025-11-12,Damaged,15.41
R005979,I00104890,2025-05-01,Changed mind,22.23
R005980,I00104891,2025-05-25,Changed mind,78.93
R005981,I00104907,2025-12-31,Damaged,156.32
R005982,I00104916,2024-11-06,Changed mind,18.39
R005983,I00104965,2025-12-28,Changed mind,30.53
R005984,I00105006,2025-02-26,Changed mind,56.22
R005985,I00105017,2025-10-01,Not as expected,27.73
R005986,I00105018,2025-12-31,Wrong item,37.32
R005987,I00105117,2025-11-07,Not as expected,42.31
R005988,I00105122,2025-07-04,Changed mind,21.75
R005989,I00105154,2025-01-15,Changed mind,75.67
R005990,I00105155,2025-01-31,Damaged,94.27
R005991,I00105182,2025-01-02,Not as expected,31.85
R005992,I00105183,2023-11-30,Late delivery,43.23
R005993,I00105186,2024-11-07,Damaged,25.24
R005994,I00105252,2024-12-25,Not as expected,54.11
R005995,I00105276,2025-09-05,Changed mind,84.41
R005996,I00105284,2025-09-22,Damaged,36.22
R005997,I00105298,2024-07-08,Late delivery,39.47
R005998,I00105299,2024-07-16,Late delivery,20.03
R005999,I00105300,2024-12-29,Late delivery,49.99
R006000,I00105322,2025-12-31,Wrong item,57.37
R006001,I00105355,2025-10-29,Changed mind,70.69
R006002,I00105368,2024-06-28,Late delivery,74.36
R006003,I00105375,2025-05-19,Changed mind,84.34
R006004,I00105402,2025-08-14,Wrong item,54.19
R006005,I00105433,2025-01-04,Wrong item,47.14
R006006,I00105480,2025-02-24,Changed mind,8.06
R006007,I00105482,2025-06-13,Not as expected,21.3
R006008,I00105531,2025-05-24,Changed mind,13.72
R006009,I00105532,2025-05-24,Not as expected,22.75
R006010,I00105533,2025-05-16,Damaged,20.05
R006011,I00105604,2025-01-17,Wrong item,50.18
R006012,I00105633,2025-05-23,Not as expected,43.72
R006013,I00105672,2025-10-14,Not as expected,29.01
R006014,I00105673,2025-10-19,Damaged,19.03
R006015,I00105689,2025-12-15,Changed mind,63.2
R006016,I00105690,2025-11-28,Not as expected,41.5
R006017,I00105699,2025-02-05,Late delivery,15.56
R006018,I00105700,2025-02-25,Not as expected,18.05
R006019,I00105701,2025-02-22,Not as expected,20.86
R006020,I00105709,2025-08-17,Damaged,30.24
R006021,I00105717,2025-05-04,Wrong item,34.22
R006022,I00105722,2025-12-13,Changed mind,27.06
R006023,I00105723,2025-12-12,Changed mind,47.96
R006024,I00105737,2024-07-13,Wrong item,169.39
R006025,I00105748,2025-07-28,Not as expected,58.81
R006026,I00105749,2025-09-22,Not as expected,144.36
R006027,I00105769,2025-07-19,Not as expected,41.33
R006028,I00105773,2025-08-21,Wrong item,50.31
R006029,I00105774,2025-09-08,Changed mind,46.42
R006030,I00105832,2024-12-21,Not as expected,224.32
R006031,I00105853,2025-09-13,Not as expected,27.52
R006032,I00105854,2025-09-17,Damaged,163.15
R006033,I00105858,2024-07-12,Not as expected,21.55
R006034,I00105889,2025-12-15,Changed mind,22.38
R006035,I00105898,2025-04-22,Not as expected,45.95
R006036,I00105945,2025-04-17,Late delivery,39.85
R006037,I00105959,2025-12-31,Damaged,22.73
R006038,I00105969,2025-12-31,Changed mind,93.27
R006039,I00105994,2025-09-12,Changed mind,27.09
R006040,I00105995,2025-09-22,Changed mind,43.0
R006041,I00105996,2025-09-19,Not as expected,56.46
R006042,I00105997,2025-09-03,Damaged,22.02
R006043,I00106017,2025-05-16,Not as expected,35.32
R006044,I00106026,2025-12-13,Changed mind,30.84
R006045,I00106093,2025-12-10,Changed mind,19.47
R006046,I00106094,2025-12-23,Wrong item,19.2
R006047,I00106095,2025-11-22,Not as expected,17.24
R006048,I00106116,2024-12-23,Late delivery,55.34
R006049,I00106118,2025-12-31,Not as expected,44.91
R006050,I00106179,2025-12-30,Changed mind,47.79
R006051,I00106219,2025-04-10,Not as expected,39.0
R006052,I00106424,2023-12-29,Not as expected,117.22
R006053,I00106425,2025-09-17,Changed mind,12.95
R006054,I00106446,2025-09-20,Not as expected,111.03
R006055,I00106461,2025-05-16,Late delivery,88.69
R006056,I00106462,2025-06-08,Changed mind,713.18
R006057,I00106463,2025-05-17,Not as expected,191.37
R006058,I00106474,2025-04-02,Not as expected,30.48
R006059,I00106553,2025-03-17,Not as expected,58.23
R006060,I00106597,2025-09-20,Late delivery,71.37
R006061,I00106598,2025-09-07,Not as expected,19.34
R006062,I00106599,2025-09-25,Wrong item,88.67
R006063,I00106703,2025-12-31,Not as expected,76.32
R006064,I00106707,2024-04-21,Not as expected,29.09
R006065,I00106708,2024-05-16,Late delivery,112.12
R006066,I00106715,2025-11-02,Not as expected,105.43
R006067,I00106740,2024-11-15,Late delivery,78.46
R006068,I00106788,2024-01-16,Damaged,13.0
R006069,I00106797,2024-10-25,Not as expected,86.11
R006070,I00106880,2025-06-04,Damaged,57.18
R006071,I00106883,2025-11-21,Late delivery,26.52
R006072,I00106913,2025-12-21,Not as expected,13.67
R006073,I00106950,2025-07-30,Changed mind,119.58
R006074,I00106951,2025-08-08,Not as expected,33.38
R006075,I00106952,2025-07-24,Changed mind,74.94
R006076,I00106968,2025-05-13,Not as expected,98.17
R006077,I00106969,2025-05-16,Late delivery,38.42
R006078,I00106970,2025-05-17,Wrong item,28.32
R006079,I00106975,2025-07-26,Changed mind,23.28
R006080,I00106984,2024-01-05,Late delivery,169.17
R006081,I00106985,2024-01-13,Changed mind,29.92
R006082,I00106991,2025-10-22,Damaged,43.27
R006083,I00107002,2025-12-10,Late delivery,37.91
R006084,I00107020,2025-06-26,Not as expected,50.39
R006085,I00107033,2025-12-31,Damaged,46.97
R006086,I00107037,2024-11-27,Changed mind,53.27
R006087,I00107062,2025-12-31,Changed mind,136.54
R006088,I00107072,2025-01-17,Late delivery,50.72
R006089,I00107103,2023-12-11,Changed mind,23.74
R006090,I00107162,2025-02-10,Damaged,14.66
R006091,I00107184,2025-11-09,Not as expected,40.45
R006092,I00107185,2025-11-05,Changed mind,115.49
R006093,I00107186,2025-11-05,Late delivery,456.92
R006094,I00107232,2024-12-07,Late delivery,26.66
R006095,I00107271,2024-07-02,Wrong item,89.65
R006096,I00107272,2024-07-23,Changed mind,32.3
R006097,I00107273,2025-06-11,Changed mind,184.67
R006098,I00107274,2025-05-31,Damaged,22.27
R006099,I00107307,2025-08-09,Late delivery,76.54
R006100,I00107308,2025-09-05,Changed mind,38.03
R006101,I00107311,2025-12-31,Changed mind,44.11
R006102,I00107332,2025-05-29,Changed mind,47.31
R006103,I00107333,2025-05-24,Changed mind,58.28
R006104,I00107406,2025-12-31,Not as expected,22.99
R006105,I00107440,2024-11-28,Changed mind,116.32
R006106,I00107557,2025-05-07,Changed mind,20.94
R006107,I00107560,2025-10-24,Changed mind,94.19
R006108,I00107561,2025-11-03,Changed mind,34.54
R006109,I00107570,2025-11-23,Wrong item,33.7
R006110,I00107627,2025-10-01,Not as expected,20.18
R006111,I00107661,2025-11-26,Not as expected,105.25
R006112,I00107686,2024-09-19,Changed mind,26.43
R006113,I00107715,2024-01-05,Not as expected,26.83
R006114,I00107716,2023-12-31,Not as expected,85.73
R006115,I00107717,2024-01-02,Damaged,7.35
R006116,I00107731,2024-12-22,Damaged,74.37
R006117,I00107732,2024-12-01,Damaged,8.82
R006118,I00107750,2025-11-25,Changed mind,69.55
R006119,I00107751,2025-11-24,Wrong item,22.21
R006120,I00107752,2025-12-05,Changed mind,70.27
R006121,I00107753,2025-11-15,Changed mind,108.12
R006122,I00107754,2025-11-21,Damaged,36.59
R006123,I00107769,2025-10-04,Changed mind,46.18
R006124,I00107770,2025-09-22,Changed mind,44.25
R006125,I00107817,2023-11-27,Damaged,44.55
R006126,I00107829,2025-07-30,Changed mind,122.34
R006127,I00107840,2023-12-09,Changed mind,87.91
R006128,I00107841,2023-11-22,Damaged,19.15
R006129,I00107842,2023-11-26,Not as expected,66.63
R006130,I00107843,2023-12-17,Damaged,18.15
R006131,I00107844,2023-12-15,Changed mind,51.86
R006132,I00107850,2025-05-14,Wrong item,14.41
R006133,I00107871,2024-01-01,Not as expected,49.32
R006134,I00107884,2025-07-13,Changed mind,44.39
R006135,I00107907,2025-11-17,Not as expected,61.65
R006136,I00108091,2025-05-17,Late delivery,40.57
R006137,I00108092,2025-05-01,Late delivery,42.01
R006138,I00108103,2025-04-08,Changed mind,63.01
R006139,I00108134,2025-12-31,Late delivery,23.01
R006140,I00108135,2025-12-21,Changed mind,47.0
R006141,I00108136,2025-12-31,Wrong item,42.48
R006142,I00108137,2025-12-24,Changed mind,95.25
R006143,I00108138,2025-12-24,Changed mind,39.74
R006144,I00108139,2025-12-14,Damaged,55.64
R006145,I00108157,2025-12-12,Changed mind,43.16
R006146,I00108228,2024-12-20,Wrong item,59.8
R006147,I00108229,2024-12-24,Changed mind,26.88
R006148,I00108230,2024-12-28,Changed mind,36.01
R006149,I00108231,2025-01-14,Changed mind,124.06
R006150,I00108238,2025-02-24,Not as expected,41.02
R006151,I00108303,2024-10-28,Damaged,158.91
R006152,I00108376,2024-02-29,Changed mind,18.51
R006153,I00108378,2025-12-19,Late delivery,85.62
R006154,I00108388,2025-07-29,Changed mind,22.26
R006155,I00108389,2025-07-31,Not as expected,37.75
R006156,I00108390,2025-08-04,Changed mind,35.25
R006157,I00108395,2025-06-05,Wrong item,16.67
R006158,I00108418,2025-07-09,Late delivery,37.31
R006159,I00108419,2025-07-27,Changed mind,101.99
R006160,I00108420,2025-07-26,Changed mind,98.07
R006161,I00108421,2025-07-05,Wrong item,61.04
R006162,I00108422,2025-07-02,Damaged,123.22
R006163,I00108446,2025-02-04,Not as expected,76.44
R006164,I00108447,2025-02-14,Damaged,10.52
R006165,I00108449,2025-12-31,Damaged,53.29
R006166,I00108454,2025-03-13,Changed mind,20.47
R006167,I00108455,2025-03-24,Not as expected,120.08
R006168,I00108510,2025-10-13,Changed mind,122.67
R006169,I00108511,2025-10-08,Late delivery,103.22
R006170,I00108512,2025-10-13,Wrong item,219.03
R006171,I00108513,2025-09-25,Not as expected,54.43
R006172,I00108521,2025-09-05,Not as expected,237.99
R006173,I00108574,2025-05-13,Wrong item,55.69
R006174,I00108585,2025-05-07,Wrong item,60.39
R006175,I00108586,2025-05-02,Late delivery,10.22
R006176,I00108639,2025-12-02,Not as expected,51.09
R006177,I00108640,2025-11-22,Changed mind,102.31
R006178,I00108691,2025-09-15,Damaged,62.52
R006179,I00108692,2025-09-27,Changed mind,49.14
R006180,I00108733,2025-02-13,Changed mind,17.96
R006181,I00108741,2025-10-16,Not as expected,8.54
R006182,I00108751,2024-04-30,Damaged,36.61
R006183,I00108752,2024-04-14,Changed mind,57.6
R006184,I00108753,2024-04-26,Damaged,45.7
R006185,I00108754,2024-04-21,Not as expected,83.85
R006186,I00108808,2025-12-31,Changed mind,61.77
R006187,I00108810,2023-10-14,Changed mind,43.46
R006188,I00108835,2025-06-20,Damaged,66.5
R006189,I00108868,2025-12-31,Not as expected,124.44
R006190,I00108869,2025-12-31,Not as expected,366.33
R006191,I00108870,2025-12-31,Changed mind,83.06
R006192,I00108871,2025-12-31,Changed mind,47.05
R006193,I00108878,2025-12-10,Changed mind,19.63
R006194,I00108905,2025-12-31,Not as expected,22.63
R006195,I00108916,2025-06-16,Changed mind,22.51
R006196,I00108922,2025-02-28,Late delivery,53.71
R006197,I00108989,2025-12-31,Wrong item,21.8
R006198,I00109001,2025-12-02,Changed mind,54.65
R006199,I00109044,2024-06-24,Changed mind,417.89
R006200,I00109045,2024-06-16,Not as expected,10.66
R006201,I00109046,2024-06-28,Wrong item,12.92
R006202,I00109068,2025-05-25,Changed mind,27.67
R006203,I00109072,2025-12-30,Late delivery,44.96
R006204,I00109111,2024-11-18,Late delivery,10.69
R006205,I00109112,2024-11-11,Wrong item,45.32
R006206,I00109116,2025-11-15,Late delivery,28.7
R006207,I00109120,2025-12-31,Changed mind,68.77
R006208,I00109121,2025-12-31,Changed mind,185.55
R006209,I00109155,2025-01-01,Late delivery,225.38
R006210,I00109183,2024-10-16,Not as expected,22.3
R006211,I00109184,2024-10-31,Not as expected,167.89
R006212,I00109226,2023-12-18,Changed mind,57.11
R006213,I00109227,2025-04-21,Damaged,30.05
R006214,I00109228,2025-03-31,Changed mind,24.04
R006215,I00109229,2025-04-03,Damaged,31.13
R006216,I00109230,2025-04-09,Wrong item,217.77
R006217,I00109248,2024-12-30,Not as expected,78.35
R006218,I00109305,2025-12-22,Changed mind,127.72
R006219,I00109324,2025-12-19,Changed mind,20.49
R006220,I00109372,2025-11-27,Not as expected,48.27
R006221,I00109444,2025-01-23,Not as expected,37.89
R006222,I00109478,2025-12-27,Changed mind,53.19
R006223,I00109479,2025-12-31,Not as expected,23.77
R006224,I00109490,2025-10-12,Changed mind,10.66
R006225,I00109556,2025-12-28,Changed mind,47.34
R006226,I00109654,2025-12-31,Wrong item,19.13
R006227,I00109655,2025-12-31,Changed mind,16.76
R006228,I00109742,2024-12-28,Wrong item,63.47
R006229,I00109743,2024-12-31,Changed mind,41.49
R006230,I00109755,2024-09-26,Damaged,25.74
R006231,I00109760,2025-02-13,Damaged,7.68
R006232,I00109761,2025-03-02,Not as expected,30.19
R006233,I00109787,2024-04-09,Changed mind,40.78
R006234,I00109788,2024-04-07,Late delivery,63.92
R006235,I00109827,2025-12-31,Changed mind,43.41
R006236,I00109889,2025-08-06,Not as expected,56.9
R006237,I00109933,2025-06-26,Not as expected,45.18
R006238,I00109961,2025-09-16,Wrong item,62.08
R006239,I00109974,2025-08-15,Not as expected,50.27
R006240,I00109975,2025-09-09,Not as expected,35.48
R006241,I00109990,2025-12-12,Not as expected,41.83
R006242,I00110011,2025-12-29,Not as expected,17.7
R006243,I00110018,2025-12-31,Not as expected,27.19
R006244,I00110019,2025-12-22,Wrong item,95.09
R006245,I00110045,2025-04-12,Not as expected,8.47
R006246,I00110046,2025-09-06,Changed mind,22.95
R006247,I00110053,2025-10-05,Changed mind,20.54
R006248,I00110054,2025-09-20,Not as expected,52.76
R006249,I00110072,2024-10-29,Changed mind,20.49
R006250,I00110127,2025-12-16,Not as expected,75.91
R006251,I00110128,2025-12-31,Damaged,39.92
R006252,I00110129,2025-12-30,Damaged,18.01
R006253,I00110130,2025-12-31,Not as expected,51.95
R006254,I00110159,2024-12-02,Late delivery,25.94
R006255,I00110207,2023-12-27,Not as expected,45.97
R006256,I00110230,2024-10-19,Late delivery,24.01
R006257,I00110269,2025-12-10,Changed mind,68.06
R006258,I00110270,2025-12-12,Damaged,33.97
R006259,I00110273,2025-11-30,Not as expected,50.74
R006260,I00110285,2025-06-28,Not as expected,55.87
R006261,I00110286,2025-06-30,Late delivery,116.86
R006262,I00110287,2025-07-07,Wrong item,10.53
R006263,I00110293,2025-05-06,Damaged,10.96
R006264,I00110325,2024-05-25,Damaged,54.1
R006265,I00110332,2025-12-20,Late delivery,77.71
R006266,I00110333,2025-12-04,Damaged,43.68
R006267,I00110346,2025-09-20,Changed mind,102.02
R006268,I00110347,2025-10-03,Damaged,82.59
R006269,I00110348,2025-10-12,Not as expected,19.88
R006270,I00110349,2025-09-26,Changed mind,121.99
R006271,I00110361,2025-08-11,Changed mind,99.44
R006272,I00110362,2025-12-31,Changed mind,112.44
R006273,I00110368,2024-07-06,Damaged,52.39
R006274,I00110378,2025-12-31,Wrong item,23.59
R006275,I00110405,2024-07-06,Changed mind,23.04
R006276,I00110439,2025-07-25,Changed mind,172.31
R006277,I00110454,2025-08-17,Changed mind,21.01
R006278,I00110456,2025-01-02,Changed mind,80.18
R006279,I00110478,2025-03-09,Late delivery,26.24
R006280,I00110502,2025-12-31,Changed mind,132.55
R006281,I00110503,2025-12-12,Wrong item,32.52
R006282,I00110504,2025-12-06,Not as expected,29.08
R006283,I00110512,2025-01-18,Changed mind,63.55
R006284,I00110518,2025-12-31,Changed mind,76.53
R006285,I00110540,2025-06-05,Changed mind,21.13
R006286,I00110573,2024-02-06,Damaged,25.05
R006287,I00110587,2025-12-31,Damaged,15.88
R006288,I00110619,2025-11-28,Changed mind,21.37
R006289,I00110620,2025-11-26,Not as expected,41.79
R006290,I00110621,2025-12-08,Changed mind,46.0
R006291,I00110625,2025-12-22,Damaged,13.53
R006292,I00110677,2024-02-13,Not as expected,38.94
R006293,I00110713,2025-05-21,Changed mind,40.65
R006294,I00110725,2025-11-25,Not as expected,79.09
R006295,I00110726,2025-12-10,Changed mind,26.04
R006296,I00110746,2025-12-31,Damaged,68.16
R006297,I00110748,2025-12-29,Damaged,19.28
R006298,I00110751,2024-12-26,Wrong item,32.16
R006299,I00110752,2024-12-28,Changed mind,116.23
R006300,I00110764,2025-11-26,Wrong item,88.92
R006301,I00110791,2025-04-21,Changed mind,81.77
R006302,I00110808,2025-08-22,Damaged,32.97
R006303,I00110809,2025-09-08,Changed mind,39.06
R006304,I00110843,2025-06-13,Late delivery,12.49
R006305,I00110847,2025-10-17,Damaged,48.58
R006306,I00110887,2025-12-12,Damaged,70.17
R006307,I00110923,2025-12-02,Late delivery,13.07
R006308,I00110966,2025-11-28,Not as expected,103.07
R006309,I00110983,2025-11-10,Damaged,22.39
R006310,I00110984,2025-10-29,Changed mind,53.98
R006311,I00110985,2025-11-09,Changed mind,21.54
R006312,I00110986,2025-10-29,Late delivery,82.82
R006313,I00110987,2025-10-21,Changed mind,89.7
R006314,I00111040,2023-10-04,Not as expected,73.29
R006315,I00111049,2025-12-24,Not as expected,85.57
R006316,I00111080,2025-12-09,Damaged,21.27
R006317,I00111116,2025-03-15,Not as expected,60.19
R006318,I00111146,2025-11-19,Not as expected,37.23
R006319,I00111174,2025-08-04,Not as expected,148.56
R006320,I00111177,2025-08-02,Changed mind,129.33
R006321,I00111196,2025-11-27,Damaged,20.52
R006322,I00111223,2024-09-29,Not as expected,19.89
R006323,I00111250,2024-12-17,Late delivery,58.28
R006324,I00111251,2024-11-29,Damaged,37.57
R006325,I00111263,2025-07-11,Not as expected,18.77
R006326,I00111264,2025-07-03,Damaged,20.24
R006327,I00111265,2025-07-07,Late delivery,112.4
R006328,I00111273,2023-04-21,Not as expected,35.53
R006329,I00111296,2023-04-25,Not as expected,160.99
R006330,I00111297,2023-05-09,Not as expected,26.99
R006331,I00111298,2023-04-09,Late delivery,88.84
R006332,I00111347,2025-05-06,Changed mind,204.01
R006333,I00111348,2025-05-20,Not as expected,34.24
R006334,I00111349,2025-05-22,Late delivery,23.66
R006335,I00111417,2025-03-05,Changed mind,81.04
R006336,I00111421,2023-09-13,Not as expected,16.7
R006337,I00111422,2025-08-31,Late delivery,66.98
R006338,I00111443,2025-08-01,Not as expected,25.21
R006339,I00111559,2025-09-20,Damaged,41.98
R006340,I00111565,2024-12-02,Damaged,18.39
R006341,I00111566,2024-11-25,Changed mind,94.84
R006342,I00111576,2023-11-12,Changed mind,38.6
R006343,I00111623,2025-06-01,Damaged,36.52
R006344,I00111631,2025-05-01,Damaged,18.85
R006345,I00111639,2025-12-31,Changed mind,55.86
R006346,I00111640,2025-12-31,Changed mind,24.07
R006347,I00111641,2025-12-31,Not as expected,36.67
R006348,I00111689,2025-11-08,Changed mind,23.17
R006349,I00111709,2024-09-02,Late delivery,47.94
R006350,I00111710,2024-08-28,Wrong item,22.47
R006351,I00111711,2024-09-07,Damaged,77.83
R006352,I00111721,2023-12-24,Changed mind,59.26
R006353,I00111773,2025-12-23,Damaged,73.74
R006354,I00111831,2025-08-29,Not as expected,22.84
R006355,I00111832,2025-08-19,Wrong item,45.35
R006356,I00111833,2025-09-08,Wrong item,81.92
R006357,I00111834,2025-08-18,Not as expected,80.95
R006358,I00111835,2025-09-08,Not as expected,27.24
R006359,I00111888,2025-11-07,Changed mind,21.62
R006360,I00111892,2025-12-31,Changed mind,52.25
R006361,I00111964,2025-01-02,Wrong item,33.33
R006362,I00111967,2024-05-12,Damaged,37.53
R006363,I00111968,2024-04-27,Not as expected,18.64
R006364,I00111969,2024-05-14,Not as expected,39.01
R006365,I00111970,2024-05-12,Not as expected,24.4
R006366,I00111971,2024-05-16,Not as expected,124.92
R006367,I00111974,2025-08-02,Damaged,19.09
R006368,I00111989,2024-11-30,Not as expected,101.8
R006369,I00111991,2025-09-12,Changed mind,101.71
R006370,I00112000,2025-03-09,Changed mind,80.31
R006371,I00112001,2025-02-26,Changed mind,92.12
R006372,I00112005,2025-12-06,Not as expected,151.04
R006373,I00112006,2025-12-09,Damaged,19.41
R006374,I00112007,2025-12-25,Changed mind,20.23
R006375,I00112014,2024-07-12,Changed mind,34.44
R006376,I00112015,2024-07-10,Changed mind,25.38
R006377,I00112016,2024-07-19,Wrong item,55.35
R006378,I00112017,2025-02-22,Damaged,22.7
R006379,I00112018,2025-02-10,Not as expected,199.47
R006380,I00112019,2025-02-01,Late delivery,30.25
R006381,I00112020,2025-02-17,Damaged,13.31
R006382,I00112084,2025-08-17,Changed mind,63.1
R006383,I00112112,2025-11-22,Changed mind,56.3
R006384,I00112120,2025-11-23,Not as expected,24.83
R006385,I00112172,2025-04-13,Changed mind,74.94
R006386,I00112173,2025-04-30,Damaged,27.56
R006387,I00112174,2025-04-20,Not as expected,80.28
R006388,I00112175,2025-05-04,Late delivery,36.77
R006389,I00112176,2025-04-23,Not as expected,126.81
R006390,I00112191,2024-12-14,Wrong item,111.63
R006391,I00112241,2025-11-16,Changed mind,22.54
R006392,I00112264,2025-10-29,Damaged,95.78
R006393,I00112275,2025-08-01,Changed mind,29.18
R006394,I00112302,2025-12-16,Not as expected,116.66
R006395,I00112303,2025-12-09,Changed mind,9.41
R006396,I00112304,2025-12-21,Damaged,37.19
R006397,I00112305,2025-12-16,Damaged,49.18
R006398,I00112315,2025-10-15,Changed mind,75.92
R006399,I00112351,2025-07-24,Late delivery,20.07
R006400,I00112373,2025-12-17,Not as expected,41.77
R006401,I00112384,2025-07-23,Changed mind,95.11
R006402,I00112402,2025-12-14,Changed mind,123.9
R006403,I00112403,2025-12-31,Damaged,61.27
R006404,I00112429,2024-07-01,Changed mind,43.21
R006405,I00112430,2024-06-20,Not as expected,30.8
R006406,I00112431,2024-06-13,Not as expected,82.13
R006407,I00112432,2024-06-14,Not as expected,29.84
R006408,I00112512,2025-08-09,Damaged,142.23
R006409,I00112513,2025-07-31,Damaged,16.36
R006410,I00112514,2025-08-09,Changed mind,263.96
R006411,I00112515,2025-08-05,Not as expected,178.89
R006412,I00112516,2025-08-19,Not as expected,32.09
R006413,I00112567,2025-12-20,Not as expected,90.74
R006414,I00112568,2025-08-08,Changed mind,19.7
R006415,I00112588,2024-04-11,Changed mind,75.74
R006416,I00112589,2024-04-11,Not as expected,127.97
R006417,I00112619,2025-10-11,Late delivery,44.36
R006418,I00112622,2025-08-20,Late delivery,51.92
R006419,I00112623,2025-08-17,Not as expected,8.33
R006420,I00112632,2023-07-27,Wrong item,77.83
R006421,I00112648,2025-12-13,Changed mind,24.78
R006422,I00112679,2024-07-20,Changed mind,95.8
R006423,I00112721,2025-12-31,Not as expected,46.01
R006424,I00112722,2025-12-31,Wrong item,28.33
R006425,I00112723,2025-12-31,Damaged,19.22
R006426,I00112750,2023-07-23,Not as expected,43.85
R006427,I00112766,2025-12-31,Not as expected,28.97
R006428,I00112790,2024-12-26,Changed mind,19.61
R006429,I00112791,2024-12-15,Not as expected,45.2
R006430,I00112792,2024-12-07,Changed mind,190.94
R006431,I00112811,2025-12-26,Not as expected,133.22
R006432,I00112821,2025-12-03,Damaged,60.4
R006433,I00112894,2025-05-01,Damaged,22.94
R006434,I00112895,2025-05-11,Changed mind,77.23
R006435,I00112896,2025-04-28,Changed mind,47.73
R006436,I00112907,2025-10-31,Damaged,53.39
R006437,I00112908,2025-11-03,Changed mind,23.14
R006438,I00112909,2025-10-11,Not as expected,41.14
R006439,I00112969,2025-05-23,Damaged,22.43
R006440,I00113000,2025-10-03,Changed mind,25.26
R006441,I00113001,2025-09-22,Wrong item,25.34
R006442,I00113010,2025-07-08,Not as expected,88.24
R006443,I00113028,2025-08-09,Changed mind,10.66
R006444,I00113046,2024-06-21,Changed mind,47.04
R006445,I00113088,2025-12-17,Not as expected,62.91
R006446,I00113129,2025-12-31,Changed mind,60.26
R006447,I00113146,2025-05-12,Changed mind,59.93
R006448,I00113192,2025-09-26,Not as expected,83.55
R006449,I00113258,2025-09-01,Changed mind,39.68
R006450,I00113273,2024-01-28,Changed mind,20.82
R006451,I00113274,2024-01-18,Changed mind,14.53
R006452,I00113275,2025-12-31,Late delivery,23.38
R006453,I00113276,2025-12-27,Damaged,12.1
R006454,I00113277,2025-12-31,Changed mind,18.13
R006455,I00113278,2025-12-31,Changed mind,22.5
R006456,I00113281,2025-08-18,Changed mind,44.0
R006457,I00113360,2025-03-05,Not as expected,18.16
R006458,I00113390,2025-02-06,Late delivery,79.77
R006459,I00113391,2025-02-17,Not as expected,23.03
R006460,I00113392,2025-02-06,Changed mind,202.33
R006461,I00113434,2025-12-01,Not as expected,22.14
R006462,I00113437,2025-07-11,Not as expected,48.25
R006463,I00113463,2025-07-02,Changed mind,36.74
R006464,I00113484,2024-11-27,Not as expected,77.44
R006465,I00113485,2024-11-28,Wrong item,51.58
R006466,I00113501,2025-04-25,Wrong item,14.79
R006467,I00113502,2025-04-24,Late delivery,317.18
R006468,I00113503,2025-05-02,Not as expected,16.18
R006469,I00113504,2025-04-15,Wrong item,51.05
R006470,I00113505,2025-04-30,Wrong item,44.83
R006471,I00113527,2025-12-31,Changed mind,56.72
R006472,I00113633,2024-09-05,Not as expected,31.76
R006473,I00113656,2024-08-06,Changed mind,29.66
R006474,I00113662,2025-03-31,Not as expected,119.11
R006475,I00113670,2024-05-20,Changed mind,183.01
R006476,I00113709,2025-12-25,Damaged,125.89
R006477,I00113718,2025-06-27,Not as expected,24.74
R006478,I00113722,2024-10-22,Changed mind,45.85
R006479,I00113723,2024-11-01,Damaged,47.96
R006480,I00113724,2024-10-15,Wrong item,26.47
R006481,I00113725,2024-11-09,Late delivery,49.36
R006482,I00113743,2025-01-23,Not as expected,16.24
R006483,I00113744,2025-02-09,Late delivery,108.71
R006484,I00113752,2025-10-13,Late delivery,108.28
R006485,I00113761,2025-10-04,Late delivery,27.29
R006486,I00113798,2025-05-06,Not as expected,40.7
R006487,I00113814,2025-09-01,Changed mind,136.02
R006488,I00113831,2025-12-31,Not as expected,61.41
R006489,I00113851,2024-11-10,Wrong item,28.46
R006490,I00113852,2024-10-22,Changed mind,69.41
R006491,I00113855,2025-12-13,Changed mind,14.13
R006492,I00113876,2024-04-03,Changed mind,22.63
R006493,I00113878,2025-07-06,Changed mind,187.96
R006494,I00113945,2025-12-31,Changed mind,48.65
R006495,I00114042,2025-01-19,Late delivery,13.85
R006496,I00114065,2025-12-18,Wrong item,39.39
R006497,I00114066,2025-12-02,Wrong item,39.54
R006498,I00114083,2024-10-05,Not as expected,45.68
R006499,I00114108,2025-12-31,Damaged,31.32
R006500,I00114109,2025-12-21,Changed mind,45.58
R006501,I00114127,2025-01-07,Wrong item,9.4
R006502,I00114128,2024-12-29,Changed mind,19.18
R006503,I00114140,2025-08-20,Not as expected,15.02
R006504,I00114141,2025-08-28,Not as expected,12.2
R006505,I00114244,2025-11-14,Late delivery,76.47
R006506,I00114260,2025-11-14,Not as expected,35.27
R006507,I00114332,2025-12-31,Changed mind,20.93
R006508,I00114349,2025-12-24,Not as expected,55.92
R006509,I00114350,2025-12-31,Damaged,14.62
R006510,I00114430,2025-01-16,Not as expected,92.19
R006511,I00114431,2025-01-11,Changed mind,29.11
R006512,I00114432,2025-01-09,Changed mind,21.98
R006513,I00114433,2025-01-12,Wrong item,165.27
R006514,I00114434,2025-01-09,Not as expected,24.78
R006515,I00114440,2025-05-09,Changed mind,94.58
R006516,I00114441,2025-06-25,Not as expected,40.43
